name,wav,transcribed,processed,description,audio,txt,artist,duration_str,id,view_count,duration,timestamp,sc_suffix_url,sp_suffix_url,date,words,sentences,sent_ratio,words_min,sentences_min,score
17-09-2021 - A Lei Moral e a Vida Cristã - Piedade e Não Legalismo (1),True,True,True,III Conferência Peregrinos - A Lei Moral e a Vida Cristã - Piedade e Não Legalismo por Pastor Alan Kleber,17-09-2021 - A Lei Moral e a Vida Cristã - Piedade e Não Legalismo (1) [1170140155].opus,17-09-2021 - A Lei Moral e a Vida Cristã - Piedade e Não Legalismo (1).txt,Pastor Alan Kleber,1:02:39,1170140155,58,3759.229,1638398114,17-09-2021-a-lei-moral-e-a-vida-crista-piedade-e-nao-legalismo-1,1PR7EQBy9nxeCjlQlqxMS5,2021-09-17,6412,411,1.059278350515464,102.34013410728636,6.55985575765669,17.3
"05-05-2024 - 1 Timóteo 1.12-15 - Ser como Paulo, o pior",True,True,True,1 Timóteo 1.12-15 por Presbítero Lucas Gibram,"05-05-2024 - 1 Timóteo 1.12-15 - Ser como Paulo, o pior [1820303268].opus","05-05-2024 - 1 Timóteo 1.12-15 - Ser como Paulo, o pior.txt",Presbítero Lucas Gibram,58:20,1820303268,30,3500.356,1715541315,05-05-2024-1-timoteo-112-15,5UixghxuIyzo5xh7FdvA5o,2024-05-05,8179,544,1.060428849902534,140.19716851657375,9.324765823819062,17.6
28-04-2024 - Efésios 6.1-3 - Filhos,True,True,True,Efésios 6.1-3 por Pastor Bruno Melo,28-04-2024 - Efésios 6.1-3 - Filhos [1810001823].opus,28-04-2024 - Efésios 6.1-3 - Filhos.txt,Reverendo Bruno Melo,47:20,1810001823,44,2840.738,1714352580,28-04-2024-efesios-61-3-filhos,3hYS4zZgngHyjhHg8F7aHs,2024-04-28,6373,471,1.0172786177105833,134.60586650370433,9.948119115525614,19.9
28-04-2024 - EBD - Atos 27 - 28,True,True,True,Atos 27 - 28 por Presbítero Humberto Elias,28-04-2024 - EBD - Atos 27 - 28 [1809812202].opus,28-04-2024 - EBD - Atos 27 - 28.txt,Presbítero Humberto Elias,1:01:01,1809812202,29,3661.427,1714326853,28-04-2024-ebd-atos-27-28,0nb4NxU7ZAz95cjikUBlLU,2024-04-28,8428,563,1.0582706766917294,138.11008658645932,9.225911099688728,24.2
17-03-2024 - Efésios 5.22-33 - O casamento diante da Cruz,True,True,True,Efésios 5.22-33 por Pastor Bruno Melo,17-03-2024 - Efésios 5.22-33 - O casamento diante da Cruz [1782876261].opus,17-03-2024 - Efésios 5.22-33 - O casamento diante da Cruz [1782876261].txt,Reverendo Bruno Melo,48:25,1782876261,55,2905.051,1711239516,17-03-2024-efesios-522-33-o-casamento-diante-da-cruz,5uelMyL9JpMVzHCmBHcg7n,2024-03-17,5010,333,1.0673076923076923,103.47494759988723,6.877676157836817,26.8
03-05-2020 - Mateus 5.17-20,True,True,True,,03-05-2020 - Mateus 5.17-20 [840092458].opus,03-05-2020 - Mateus 5.17-20.txt,Reverendo Bruno Melo,45:49,840092458,73,2749.127,1592156794,03-05-2020-mateus-517-20,1DQ4xjqmhlR9QluzAmi2pH,2020-05-03,5880,404,1.0687830687830688,128.33164855606887,8.817344560655073,26.9
28-06-2020 - Mateus 6.1-4,True,True,True,,28-06-2020 - Mateus 6.1-4 [856670638].opus,28-06-2020 - Mateus 6.1-4 [856670638].txt,Reverendo Bruno Melo,44:10,856670638,72,2650.749,1594569117,28-06-2020-mateus-61-4,30vqSxith23D2kgm0f0gQb,2020-06-28,1006,97,1.0898876404494382,22.770922482664332,2.1956058457439767,28.5
13-11-2020 - Igreja de Cristo no Antigo Testamento (1),True,True,True,II Conferência Peregrinos - Primeira palestra sobre a Igreja de Cristo no Antigo Testamento por Reverendo Paulo Brasil,13-11-2020 - Igreja de Cristo no Antigo Testamento (1) [929287963].opus,13-11-2020 - Igreja de Cristo no Antigo Testamento (1).txt,Reverendo Paulo Brasil,48:45,929287963,77,2925.061,1605379028,13-11-2020-igreja-de-cristo-no-antigo-testamento-1,6Zn80d5plyeLtgT8sCdyou,2020-11-13,5357,382,1.0465753424657533,109.88488787071448,7.835734024008388,30.9
O Primeiro Mandamento,True,True,True,,O Primeiro Mandamento [713938015].opus,O Primeiro Mandamento.txt,Reverendo Bruno Melo,58:30,713938015,94,3510.831,1573951760,o-primeiro-mandamento,5hDavifsOIrEuhIaJPL0KE,,8735,758,1.0229419703103915,149.28089674495865,12.954198023203052,47.6
08-12-2019 - O Quarto Mandamento (1),True,True,True,,08-12-2019 - O Quarto Mandamento (1) [732119686].opus,08-12-2019 - O Quarto Mandamento (1).txt,Reverendo Bruno Melo,1:05:03,732119686,87,3903.19,1576977555,08-12-2019-o-quarto-mandamento-1,5lwnQ4vCT4EOz7yWUmULCU,2019-12-08,10003,786,1.0207792207792208,153.76653455250704,12.082424888360546,55.4
"16-08-2020 - Mateus 6.12,14 e15",True,True,True,,"16-08-2020 - Mateus 6.12,14 e15 [876988777].opus","16-08-2020 - Mateus 6.12,14 e15.txt",Reverendo Bruno Melo,42:22,876988777,74,2542.655,1597621489,16-08-2020-mateus-61214-e15,5XVMddxAfjL0xZ1CZQsP6k,2020-08-16,6039,382,1.0186666666666666,142.50458674102464,9.014199724303927,59.1
30/06/2019 - Aula 78 - CFW 28 - Batismo infantil,True,True,True,,30⧸06⧸2019 - Aula 78 - CFW 28 - Batismo infantil [898460020].opus,30-06-2019 - Aula 78 - CFW 28 - Batismo infantil.txt,,57:31,898460020,97,3451.089,1600899880,30062019-aula-78-cfw-28-batismo-infantil,1cLwIsN0C5J5cfrprbs1v3,2019-06-30,8881,726,1.0168067226890756,154.40343613276852,12.62210276234545,60.8
08-12-2019 - Isaías 11,True,True,True,,08-12-2019 - Isaías 11 [732127057].opus,08-12-2019 - Isaías 11.txt,Reverendo Bruno Melo,39:21,732127057,85,2361.574,1576978975,08-12-2019-isaias-11,6Wgb8fV3fKbZImBMijIgKo,2019-12-08,5668,400,1.0126582278481013,144.00565046871282,10.162713512259197,61.4
09-08-2020 - Mateus 6.11,True,True,True,,09-08-2020 - Mateus 6.11 [873047122].opus,09-08-2020 - Mateus 6.11.txt,Reverendo Bruno Melo,44:28,873047122,71,2668.852,1597011931,09-08-2020-mateus-611,0T2T3R7aRScOSOOQC0X2Ad,2020-08-09,6659,376,1.0358126721763086,149.70481690254837,8.453072706916682,61.5
06-10-2019 - Aula 90 - CFW 23 - Magistrado civil - Os princípio das leis do Antigo Testamento (2),True,True,True,,06-10-2019 - Aula 90 - CFW 23 - Magistrado civil - Os princípio das leis do Antigo Testamento (2) [696290741].opus,06-10-2019 - Aula 90 - CFW 23 - Magistrado civil - Os princípio das leis do Antigo Testamento (2).txt,Reverendo Bruno Melo,1:04:11,696290741,64,3851.05,1571167244,06-10-2019-aula-90-cfw-23-magistrado-civil-os-principio-das-leis-do-antigo-testamento-2,7I9OggZY02pM2xhGln3iiU,2019-10-06,9640,831,1.0271940667490729,150.19280455979538,12.947118318380701,62.0
25-06-2023 - EBD - Escolhendo Presbíteros - Aula 2,True,True,True,,25-06-2023 - EBD - Escolhendo Presbíteros - Aula 2 [1551686110].opus,25-06-2023 - EBD - Escolhendo Presbíteros - Aula 2.txt,Reverendo Bruno Melo,1:04:37,1551686110,41,3877.407,1687914714,25-06-2023-ebd-escolhendo-presbiteros-aula-2,49oPhwBJwi0xWRCTeMEnqr,2023-06-25,9375,635,1.0209003215434083,145.07117772263783,9.826154437746668,65.3
29-09-2019 - Aula 89 - CFW 23 - Magistrado civil - Os princípio das leis do Antigo Testamento,True,True,True,,29-09-2019 - Aula 89 - CFW 23 - Magistrado civil - Os princípio das leis do Antigo Testamento [696283831].opus,29-09-2019 - Aula 89 - CFW 23 - Magistrado civil - Os princípio das leis do Antigo Testamento.txt,Reverendo Bruno Melo,59:30,696283831,74,3570.312,1571166667,29-09-2019-aula-89-cfw-23-magistrado-civil-os-principio-das-leis-do-antigo-testamento,2yrlht3SOmrmsCXdRa59SS,2019-09-29,9174,736,1.0082191780821919,154.17140014654183,12.368666940032133,66.5
30-04-2023 - Efésios 3.1-6 - O ministério de Cristo,True,True,True,Efésios 3.1-6 por Pastor Bruno Melo,30-04-2023 - Efésios 3.1-6 - O ministério de Cristo [1519139869].opus,30-04-2023 - Efésios 3.1-6 - O ministério de Cristo.txt,Reverendo Bruno Melo,47:52,1519139869,49,2872.79,1684690047,30-04-2023-efesios-31-6-o-ministerio-de-cristo,2rpRaiFkklArU7ob1I6FrK,2023-04-30,6601,398,1.0257731958762886,137.865976977085,8.31247672123615,67.1
25-08-2019 - Aula 86 - CFW 23 - Magistrado civil - Introdução,True,True,True,,25-08-2019 - Aula 86 - CFW 23 - Magistrado civil - Introdução [676484495].opus,25-08-2019 - Aula 86 - CFW 23 - Magistrado civil - Introdução.txt,Reverendo Bruno Melo,54:00,676484495,98,3240.898,1567646435,25-08-2019-aula-86-cfw-23-magistrado-civil-introducao,28kOeYEVazSixiiBNTKDAq,2019-08-25,8094,697,1.011611030478955,149.84735712139044,12.903830975242046,69.5
"27-11-2022 - Efésios 1.9,10 - Convergindo todas as coisas em Cristo",True,True,True,"Efésios 1.9,10 por Pastor Bruno Melo","27-11-2022 - Efésios 1.9,10 - Convergindo todas as coisas em Cristo [1410043093].opus","27-11-2022 - Efésios 1.9,10 - Convergindo todas as coisas em Cristo.txt",Reverendo Bruno Melo,47:36,1410043093,53,2856.934,1671994716,27-11-2022-efesios-1910-convergindo-todas-as-coisas-em-cristo,1jljMjTCzaUF1tvVQFIQJW,2022-11-27,6197,300,1.1627906976744187,130.1465137101522,6.300460563667203,70.3
24-03-2024 - Apocalipse 2.1-7,True,True,True,Apocalipse 2.1-7 por Presbítero Humberto Elias,24-03-2024 - Apocalipse 2.1-7 [1789208650].opus,24-03-2024 - Apocalipse 2.1-7.txt,Presbítero Humberto Elias,53:22,1789208650,33,3202.403,1711910574,24-03-2024-apocalipse-21-7,7BawXPg4rKhfbZ8eGkwI6E,2024-03-24,7027,416,1.0918635170603674,131.65738353355277,7.794147082675104,70.6
01-09-2019 - Aula 87 - CFW 23 - Magistrado civil - Soberania de Deus,True,True,True,,01-09-2019 - Aula 87 - CFW 23 - Magistrado civil - Soberania de Deus [678013749].opus,01-09-2019 - Aula 87 - CFW 23 - Magistrado civil - Soberania de Deus.txt,Reverendo Bruno Melo,1:02:43,678013749,115,3763.473,1567945446,01-09-2019-aula-86-cfw-23-magistrado-civil-soberania-de-deus,2JPiCGMAN9ZKZswAynPUIq,2019-09-01,10047,818,1.0174129353233832,160.17651780682365,13.041145771472255,70.6
"15-01-2023 - Efésios 1.18-19 - ""Iluminados os olhos do vosso coração para saberdes""",True,True,True,Efésios 1.18-19 por Pastor Bruno Melo,15-01-2023 - Efésios 1.18-19 - ＂Iluminados os olhos do vosso coração para saberdes＂ [1440322891].opus,15-01-2023 - Efésios 1.18-19 - -Iluminados os olhos do vosso coração para saberdes-.txt,Reverendo Bruno Melo,48:33,1440322891,52,2913.567,1675616335,15-01-2023-efesios-118-19-iluminados-os-olhos-do-vosso-coracao-para-saberdes,5rY3y7UqLSEII6kXoeBlmV,2023-01-15,6418,322,1.1666666666666667,132.16788905146166,6.631047097938713,70.7
"11-06-2023 - EBD - Ensinando no caminho, ensinando na palavra II",True,True,True,"Ensinando no caminho, ensinando na palavra II por Presbítero César Miranda","11-06-2023 - EBD - Ensinando no caminho, ensinando na palavra II [1543816963].opus","11-06-2023 - EBD - Ensinando no caminho, ensinando na palavra II.txt",Presbítero César Miranda,1:17:46,1543816963,35,4666.331,1687111815,11-06-2023-ebd-ensinando-no-caminho-ensinando-na-palavra-ii,7cFGfiTtQAZ5bWOOwwCzS3,2023-06-11,11457,1023,1.0271084337349397,147.31488186328832,13.15380327713572,71.0
21-02-2021 - EBD - Apologética,True,True,True,Aula ministrada pelo Pastor Marco Túlio.,21-02-2021 - EBD - Apologética [999724447].opus,21-02-2021 - EBD - Apologética.txt,Presbítero Marco Túlio,1:05:16,999724447,70,3916.931,1615027238,21-02-2021-ebd-apologetica,23Y2fAncAJxlaqjN19I3rN,2021-02-21,11242,879,1.0209059233449478,172.206250250515,13.464623196068555,71.2
21-08-2022 - EBD - Sinais,True,True,True,Por Pastor Marco Túlio,21-08-2022 - EBD - Sinais [1337445385].opus,21-08-2022 - EBD - Sinais.txt,Presbítero Marco Túlio,53:29,1337445385,43,3209.221,1662294935,21-08-2022-ebd-sinais,4is379iRQnQZtkyLLenifI,2022-08-21,9423,733,1.0166435506241331,176.17359477580385,13.704260317379202,71.7
I João 3.19-24,True,True,True,,I João 3.19-24 [713940766].opus,I João 3.19-24.txt,Presbítero Éder Júnior,32:51,713940766,85,1971.2,1573952305,i-joao-319-24,4ZdbSD6PRKHUlCZh9VNXCY,,4856,313,1.0162337662337662,147.80844155844156,9.527191558441558,71.9
I Congresso Peregrinos - Santificação - Partes da Santificação,True,True,True,,I Congresso Peregrinos - Santificação - Partes da Santificação [681248063].opus,I Congresso Peregrinos - Santificação - Partes da Santificação.txt,Reverendo Gustavo Quintela,1:05:27,681248063,96,3927.146,1568514829,i-congresso-peregrinos-santificacao-partes-da-santificacao,0fjbbJv72FTTvpzHEOZYwn,,9874,732,1.0457142857142858,150.8576457305127,11.183694214577201,72.7
11-10-2020 - ED - O nono mandamento,True,True,True,Escola dominical ministrada por Lucas Antunes,11-10-2020 - ED - O nono mandamento [910729888].opus,11-10-2020 - ED - O nono mandamento.txt,Pastor Lucas Antunes,56:52,910729888,76,3412.271,1602720738,11-10-2020-ed-o-nono-mandamento,4xdWQakDlwG7bB5VY0OnfD,2020-10-11,8340,688,1.0408472012102874,146.64720357791043,12.097515115300045,72.9
11-10-2020 - ED - O nono mandamento,True,True,True,Escola dominical ministrada por Lucas Antunes,11-10-2020 - ED - O nono mandamento [910733581].opus,11-10-2020 - ED - O nono mandamento.txt,Pastor Lucas Antunes,57:09,910733581,61,3429.486,1602721452,11-10-2020-ed-o-nono-mandamento-1,4xdWQakDlwG7bB5VY0OnfD,2020-10-11,8340,688,1.0408472012102874,145.91107821988484,12.036789186484505,72.9
29-09-2019 - Isaías 7.17-8.8,True,True,True,,29-09-2019 - Isaías 7.17-8.8 [696289836].opus,29-09-2019 - Isaías 7.17-8.8.txt,Reverendo Bruno Melo,47:26,696289836,79,2846.537,1571167161,29-09-2019-isaias-717-88,3G4XKl1YZYBBtctqzqiCMv,2019-09-29,6719,543,1.0187617260787993,141.62471803458027,11.445486217112233,73.0
19-01-2020 - Como a palavra de Deus afeta nossas emoções e sentimentos,True,True,True,,19-01-2020 - Como a palavra de Deus afeta nossas emoções e sentimentos [768719251].opus,19-01-2020 - Como a palavra de Deus afeta nossas emoções e sentimentos.txt,Presbítero Marco Túlio,42:23,768719251,86,2543.464,1583017374,19-01-2020-como-a-palavra-de-deus-afeta-nossas-emocoes-e-sentimentos,1UMR9ir6JtwNPN8pN5Sno6,2020-01-19,6782,569,1.0270758122743682,159.98653804417913,13.422639361123256,73.0
07-01-2024 - Ageu 1 - A casa de Deus em ruínas,True,True,True,Ageu 1 porPresbítero Marco Túlio,07-01-2024 - Ageu 1 - A casa de Deus em ruínas [1711220856].opus,07-01-2024 - Ageu 1 - A casa de Deus em ruínas.txt,Presbítero Marco Túlio,45:05,1711220856,58,2705.267,1704678776,07-01-2024-ageu-1-a-casa-de-deus-em-ruinas,7BWBEDiDVBZu7ZQXBHRRCn,2024-01-07,7590,702,1.0086206896551724,168.33828232111657,15.569627692941216,73.3
29-10-2023 - EBD - Atos 10.1-23,True,True,True,Atos 10.1-23 por Seminarista Fabrício Zamboni,29-10-2023 - EBD - Atos 10.1-23 [1674363231].opus,29-10-2023 - EBD - Atos 10.1-23.txt,Seminarista Fabrício Zamboni,1:02:37,1674363231,41,3757.845,1700921816,29-10-2023-ebd-atos-101-23,6tx09bsCDkxVYbbe99sCqt,2023-10-29,6589,432,1.0093457943925233,105.20391341313972,6.897570282968031,73.6
I Congresso Peregrinos - Santificação - Prática da Santificação,True,True,True,,I Congresso Peregrinos - Santificação - Prática da Santificação [681509552].opus,I Congresso Peregrinos - Santificação - Prática da Santificação.txt,Reverendo Gustavo Quintela,1:11:30,681509552,161,4290.23,1568572698,i-congresso-peregrinos-santificacao-pratica-da-santificacao,4S5pTT9pR6H6I2XFtPGhTi,,10226,721,1.049490538573508,143.01331164063464,10.083375483365694,73.7
14-03-2020 - Confraria Peregrinos,True,True,True,,14-03-2020 - Confraria Peregrinos [844353937].opus,14-03-2020 - Confraria Peregrinos.txt,Reverendo Orebe Quaresma,1:20:21,844353937,79,4821.629,1592770728,14-03-2020-confraria-peregrinos,1jzarGycYsLEZ0sNNPgc2E,2020-03-14,10816,953,1.0149094781682642,134.59351600880117,11.859062569932277,73.8
14-01-2024 - Ageu 2,True,True,True,Ageu 2 por Presbítero Marco Túlio,14-01-2024 - Ageu 2 [1718565339].opus,14-01-2024 - Ageu 2.txt,Presbítero Marco Túlio,46:20,1718565339,39,2780.735,1705367300,14-01-2024-ageu-2,0sx5RR8NwQyWohBCy691Cf,2024-01-14,8080,640,1.0223642172523961,174.34239508619123,13.809298620688415,73.9
I Congresso Peregrinos - Santificação - Perigos em relação a Santificação,True,True,True,,I Congresso Peregrinos - Santificação - Perigos em relação a Santificação [681251273].opus,I Congresso Peregrinos - Santificação - Perigos em relação a Santificação.txt,Reverendo Gustavo Quintela,1:15:00,681251273,94,4500.17,1568515645,i-congresso-peregrinos-santificacao-perigos-em-relacao-a-santificacao,4jCp7ty2jVjFHLwKg4c6Hg,,10984,712,1.0626865671641792,146.44780086085638,9.492974709844296,74.2
04-06-2023 - EBD - Permanência no casamento II,True,True,True,Permanência no casamento II por Presbítero João Marcus,04-06-2023 - EBD - Permanência no casamento II [1543328587].opus,04-06-2023 - EBD - Permanência no casamento II.txt,Presbítero João Marcus,1:09:37,1543328587,31,4177.058,1687042443,04-06-2023-ebd-permanencia-no-casamento-ii,3frVQyd9tnwt6Jp669BdGo,2023-06-04,11225,944,1.0305676855895196,161.23788561231373,13.559782986015517,74.2
06-10-2019 - Isaías 8.9-15,True,True,True,,06-10-2019 - Isaías 8.9-15 [696295951].opus,06-10-2019 - Isaías 8.9-15.txt,Reverendo Bruno Melo,45:00,696295951,79,2700.669,1571167696,06-10-2019-isaias-89-15,6d1eqDxvu6bdcW76WUTfwQ,2019-10-06,5859,496,1.0205761316872428,130.16774732482952,11.019491837022604,74.6
21-05-2023 - EBD - Permanência no casamento I,True,True,True,Permanência no casamento I por Presbítero João Marcus,21-05-2023 - EBD - Permanência no casamento I [1540189468].opus,21-05-2023 - EBD - Permanência no casamento I.txt,Presbítero João Marcus,58:46,1540189468,31,3526.531,1686784462,21-05-2023-ebd-permanencia-no-casamento-i,45ldgWA4lkESyEOz2iEoUQ,2023-05-21,10339,732,1.086053412462908,175.9065778806425,12.454165297285066,74.6
13-10-2019 - Jonas 3,True,True,True,,13-10-2019 - Jonas 3 [696314167].opus,13-10-2019 - Jonas 3.txt,Pastor Lucas Antunes,44:43,696314167,91,2683.089,1571169118,13-10-2019-jonas-3,2UQB7JjSWO2FjQhn7hFA0M,2019-10-13,5434,418,1.027027027027027,121.5166548705615,9.347434990043192,74.7
I Congresso Peregrinos - Santificação - Princípios da Santificação,True,True,True,,I Congresso Peregrinos - Santificação - Princípios da Santificação [681242762].opus,I Congresso Peregrinos - Santificação - Princípios da Santificação.txt,Reverendo Gustavo Quintela,1:04:03,681242762,83,3843.833,1568513567,i-congresso-peregrinos-santificacao-principios-da-santificacao,1EQImmiUzknmUVK301PfXx,,9024,610,1.0499139414802066,140.85939737756556,9.521745611737034,74.7
06-11-2022 - EBD - Adoração Bíblica,True,True,True,Palestra Adoração Bíblica por Presbítero César Miranda,06-11-2022 - EBD - Adoração Bíblica [1377637159].opus,06-11-2022 - EBD - Adoração Bíblica.txt,Presbítero César Miranda,59:11,1377637159,66,3551.425,1667759128,06-11-2022-ebd-adoracao-biblica,4PcOqHsSiZxcwAxrsWQVpE,2022-11-06,8540,672,1.0402476780185759,144.28011291242248,11.353189212780784,74.7
"05-09-2021 - EBD - Presbíteros, Bispos e Pastores - Aula 3",True,True,True,"Aula 3 - Presbíteros, Bispos e Pastores por Pastor Lucas Antunes","05-09-2021 - EBD - Presbíteros, Bispos e Pastores - Aula 3 [1120404124].opus","05-09-2021 - EBD - Presbíteros, Bispos e Pastores - Aula 3.txt",Pastor Lucas Antunes,1:01:29,1120404124,74,3689.874,1631026779,05-09-2021-ebd-presbiteros-bispos-e-pastores-aula-3,70SDv8MqfJpRcQcGdX3NzQ,2021-09-05,8702,839,1.0120627261761157,141.50076669284644,13.642742272500364,74.8
08-03-2020 - O oitavo mandamento,True,True,True,,08-03-2020 - O oitavo mandamento [772956310].opus,08-03-2020 - O oitavo mandamento.txt,Reverendo Bruno Melo,1:05:29,772956310,75,3929.182,1583716106,08-03-2020-o-oitavo-mandamento,2nn76cm5q932Ak0nZdD5H1,2020-03-08,10109,802,1.0308483290488433,154.36800840480282,12.246823893624677,74.8
22-09-2019 - Aula 88 -O primeiro e segundo mandamentos e os símbolos de fé,True,True,True,,22-09-2019 - Aula 88 -O primeiro e segundo mandamentos e os símbolos de fé [688431466].opus,22-09-2019 - Aula 88 -O primeiro e segundo mandamentos e os símbolos de fé.txt,Presbítero César Miranda,50:29,688431466,78,3029.969,1569759018,22-09-2019-o-primeiro-e-segundo-mandamentos-e-os-simbolos-de-fe,4lZewXup4U36Em27540LoD,2019-09-22,7178,562,1.0274223034734917,142.1400680997066,11.128826730570509,75.1
01-11-2020 - EBD - Culto doméstico,True,True,True,Culto doméstico por Seminarista Israel Quaresma.,01-11-2020 - EBD - Culto doméstico [924118537].opus,01-11-2020 - EBD - Culto doméstico.txt,Seminarista Israel Quaresma,1:00:07,924118537,85,3607.014,1604617966,01-11-2020-ebd-culto-domestico,0OMcRFbzGGKyBVKhjBWviD,2020-11-01,10920,604,1.082437275985663,181.64609286240642,10.047091583232003,75.1
14-05-2023 - Apocalipse 1.1-3,True,True,True,Apocalipse 1.1-3 por Presbítero Humberto Elias,14-05-2023 - Apocalipse 1.1-3 [1540178617].opus,14-05-2023 - Apocalipse 1.1-3.txt,Presbítero Humberto Elias,47:48,1540178617,29,2868.532,1686783351,14-05-2023-apocalipse-11-3,7GJvxCj94AA5XhflMjtHVL,2023-05-14,6279,361,1.0524781341107872,131.33547054730434,7.550900600028168,75.2
14-08-2022 - João 2.1-11,True,True,True,João 2.1-11 por Pastor Marco Túlio,14-08-2022 - João 2.1-11 [1324619557].opus,14-08-2022 - João 2.1-11.txt,Presbítero Marco Túlio,53:28,1324619557,61,3208.411,1660582197,14-08-2022-joao-21-11,3DqIX9PXwMobltmbVRkvR0,2022-08-14,8678,718,1.0169971671388103,162.28594154551894,13.427207424485204,75.4
04-10-2020 - ED - O décimo mandamento,True,True,True,Escola dominical ministrada por Rev. Bruno Melo.,04-10-2020 - ED - O décimo mandamento [904514971].opus,04-10-2020 - ED - O décimo mandamento.txt,Reverendo Bruno Melo,57:12,904514971,69,3432.046,1601831561,04-10-2020-ed-o-decimo-mandamento,6Iju7OFHK90haMv1bVSYjK,2020-10-04,8294,598,1.0222222222222221,144.99805655285505,10.454405331397073,75.5
07-02-2021 - EBD - Josué (3),True,True,True,"Série ""Do caos a glória: um panorama de Gênesis à Apocalipse"". Terceira parte do livro de Josué por Presb. César Miranda.",07-02-2021 - EBD - Josué (3) [990918361].opus,07-02-2021 - EBD - Josué (3).txt,Presbítero César Miranda,54:13,990918361,61,3253.838,1614038912,07-02-2021-ebd-josue-3,41SNpdfDQp57Xv3FMZ6ySB,2021-02-07,7956,590,1.059245960502693,146.7067506126611,10.8794598870626,75.6
23-06-2024 - EBD - CFW 3 - Do Eterno Decreto de Deus Parte I,True,True,True,CFW - Capítulo 3 - Do Eterno Decreto de Deus Parte I por Pastor Bruno Melo,23-06-2024 - EBD - CFW 3 - Do Eterno Decreto de Deus Parte I [1855461150].opus,23-06-2024 - EBD - CFW 3 - Do Eterno Decreto de Deus Parte I.txt,Reverendo Bruno Melo,1:11:02,1855461150,24,4262.661,1719195095,23-06-2024-ebd-cfw-capitulo-3-do-eterno-decreto-de-deus-parte-i,17VvQMLk3XmfSBTWR0lPK3,2024-06-23,10445,849,1.008313539192399,147.02083979936478,11.950281760618545,75.7
24-03-2024 - EBD - Atos 20.1-19,True,True,True,Atos 20.1-16 por Seminarista Fabrício Zamboni,24-03-2024 - EBD - Atos 20.1-19 [1789199755].opus,24-03-2024 - EBD - Atos 20.1-19.txt,Seminarista Fabrício Zamboni,1:00:14,1789199755,35,3614.328,1711909514,24-03-2024-ebd-atos-201-19,4MneNWGvMsmqo4VhyMnsAZ,2024-03-24,6743,418,1.0170316301703164,111.93782080652338,6.9390492506490835,75.9
18-10-2020 - Joel 2.28-32,True,True,True,Joel 2.28-32 por Rev. Charley Fernandes,18-10-2020 - Joel 2.28-32 [917455591].opus,18-10-2020 - Joel 2.28-32.txt,Reverendo Charley Fernandes,41:37,917455591,84,2497.829,1603649489,18-10-2020-joel-228-32,64fRi4tukl5aZbmpdaQQFd,2020-10-18,4702,420,1.1111111111111112,112.94608237793699,10.088761080121976,76.1
"12-05-2024 - 1 Timóteo 1.16,17 - Ser como Paulo, um modelo",True,True,True,"1 Timóteo 1.16,17 por Presbítero Lucas Gibram","12-05-2024 - 1 Timóteo 1.16,17 - Ser como Paulo, um modelo [1820450442].opus","12-05-2024 - 1 Timóteo 1.16,17 - Ser como Paulo, um modelo.txt",Presbítero Lucas Gibram,44:34,1820450442,43,2674.756,1715563918,12-05-2024-1-timoteo-11617-ser-como-paulo-um-modelo,18fToGM2JZyLjYeo5U0DmD,2024-05-12,6422,397,1.0558510638297873,144.05800005682764,8.905485210613605,76.1
"10-11-2024 - EBD - Casamento, o preparo",True,True,True,"Casamento, o preparo por Presbítero João Marcus","10-11-2024 - EBD - Casamento, o preparo [1972738531].opus","10-11-2024 - EBD - Casamento, o preparo.txt",Presbítero João Marcus,54:07,1972738531,10,3247.282,1733243218,10-11-2024-ebd-casamento-o-preparo,6jl9pzWnIOtYmnOWI3FWBK,2024-11-10,8721,514,1.3012658227848102,161.13783773629763,9.49717332834044,76.1
22-01-2023 - EBD - Atos 5.17-42,True,True,True,Atos 5.17-42 por Presbítero Humberto Elias,22-01-2023 - EBD - Atos 5.17-42 [1438667848].opus,22-01-2023 - EBD - Atos 5.17-42.txt,Presbítero Humberto Elias,1:07:09,1438667848,75,4029.623,1675384488,22-01-2023-ebd-atos-517-42,669BYnDGE7D01dr5YmXqyp,2023-01-22,9769,666,1.0638977635782747,145.45777607483382,9.916560432576448,76.3
29-05-2022 - Êxodo 20.8-11,True,True,True,Êxodo 20.8-11 por Pastor Ricardo,29-05-2022 - Êxodo 20.8-11 [1281230572].opus,29-05-2022 - Êxodo 20.8-11.txt,Pastor Ricardo Toniolo,56:46,1281230572,51,3406.707,1654389644,29-05-2022-exodo-208-11,2dE4WmI6HUCeaYrjO01JpA,2022-05-29,7958,634,1.0308943089430895,140.1588102528336,11.166208306144322,76.4
10-03-2024 - EBD - Atos 19.8-41,True,True,True,Atos 19.8-41 por Presbítero Humberto Elias,10-03-2024 - EBD - Atos 19.8-41 [1782875676].opus,10-03-2024 - EBD - Atos 19.8-41.txt,Presbítero Humberto Elias,1:02:00,1782875676,39,3720.673,1711239425,10-03-2024-ebd-atos-198-41,1kDHrFi4VYkpHeiDYRITuV,2024-03-10,8760,547,1.0831683168316832,141.2647658098414,8.82098480570585,76.6
14-04-2024 - EBD - Atos 23 - 24,True,True,True,Atos 23 - 24 por Presbítero Humberto Elias,14-04-2024 - EBD - Atos 23 - 24 [1800866554].opus,14-04-2024 - EBD - Atos 23 - 24.txt,Presbítero Humberto Elias,1:01:35,1800866554,32,3695.673,1713144093,14-04-2024-ebd-atos-23-24,6ex7KeIjevT4iUC9mJ7p4h,2024-04-14,8731,614,1.053173241852487,141.74955414074785,9.968414413288189,76.6
31-10-2021 - EBD - Reforma Protestante e Suas Contribuições,True,True,True,31-10-2021 - EBD - Reforma Protestante e Suas Contribuições por Pastor Lucas Antunes,31-10-2021 - EBD - Reforma Protestante e Suas Contribuições [1176319066].opus,31-10-2021 - EBD - Reforma Protestante e Suas Contribuições.txt,Pastor Lucas Antunes,1:05:14,1176319066,48,3914.71,1639271839,31102021-ebd-reforma-protestante-e-suas-contribuicoes,4J5ylu4LHjrgwq6zMxTiAT,2021-10-31,9412,961,1.0137130801687764,144.25589634992122,14.729060390169387,76.9
13-11-2022 - EBD - Adoração Bíblica - Parte 2,True,True,True,Palestra Adoração Bíblica por Presbítero César Miranda,13-11-2022 - EBD - Adoração Bíblica - Parte 2 [1392258598].opus,13-11-2022 - EBD - Adoração Bíblica - Parte 2.txt,Presbítero César Miranda,1:04:09,1392258598,73,3849.665,1669680341,13-11-2022-ebd-adoracao-biblica-parte-2,7uYgSsGjPPAXsV9NU2ilNi,2022-11-13,9621,813,1.0369897959183674,149.95070999684387,12.671232431912905,76.9
25-08-2019 - Isaías 7.1-9,True,True,True,,25-08-2019 - Isaías 7.1-9 [676486034].opus,25-08-2019 - Isaías 7.1-9.txt,Reverendo Bruno Melo,45:01,676486034,139,2701.366,1567646751,25-08-2019-isaias-71-9,6Vm66IJ8rFIurQcqJCukwj,2019-08-25,6345,569,1.0124555160142348,140.92870051670155,12.638050527029657,77.1
08-03-2020 - Mateus 5.9,True,True,True,,08-03-2020 - Mateus 5.9 [772962073].opus,08-03-2020 - Mateus 5.9.txt,Reverendo Bruno Melo,46:15,772962073,83,2775.249,1583717115,08-03-2020-mateus-59,60po03grKKsSW19ZdOm1Az,2020-03-08,6369,429,1.0387409200968523,137.69575270543294,9.274843446479938,77.2
14/11/2021 - EBD - 1 Samuel,True,True,True,"Série ""Do caos a glória: um panorama de Gênesis à Apocalipse"" por Pastor Bruno Melo",14⧸11⧸2021 - EBD - 1 Samuel [1176327160].opus,14-11-2021 - EBD - 1 Samuel.txt,Reverendo Bruno Melo,1:06:31,1176327160,47,3991.249,1639273469,14112021-ebd-1-samuel,1yAFk0SjPs2gLjLWSASkfX,2021-11-14,9786,685,1.0118168389955686,147.11184393657226,10.297528417796034,77.2
26-02-2023 - EBD - Atos 7,True,True,True,Atos 7 por Presbítero Humberto Elias,26-02-2023 - EBD - Atos 7 [1461930868].opus,26-02-2023 - EBD - Atos 7.txt,Presbítero Humberto Elias,1:01:57,1461930868,48,3717.094,1678037941,26-02-2023-ebd-atos-7,0kHZd6KfWW5yySIm0z7dO8,2023-02-26,8479,568,1.0557620817843867,136.86498108468606,9.168452559983686,77.3
07-07-2024 - EBD - CFW 3 - Do Eterno Decreto de Deus,True,True,True,CFW 3 - Do Eterno Decreto de Deus por Pastor Bruno Melo,07-07-2024 - EBD - CFW 3 - Do Eterno Decreto de Deus [1867625913].opus,07-07-2024 - EBD - CFW 3 - Do Eterno Decreto de Deus.txt,Reverendo Bruno Melo,1:07:03,1867625913,30,4023.014,1720577581,07-07-2024-ebd-cfw-3-do-eterno-decreto-de-deus,2CKXCsf4p9mdmOu07h76xY,2024-07-07,9652,690,1.032934131736527,143.95177347133267,10.290791928638578,77.3
26-01-2020 - O Sexto Mandamento e o Corpo (2),True,True,True,,26-01-2020 - O Sexto Mandamento e o Corpo (2) [768742057].opus,26-01-2020 - O Sexto Mandamento e o Corpo (2).txt,Presbítero César Miranda,55:54,768742057,92,3354.828,1583021181,26-01-2020-o-sexto-mandamento-e-o-corpo-2,1t8KE3SdIaNNUb3dCf6fF3,2020-01-26,8500,703,1.0292825768667642,152.01971606293972,12.572924752029015,77.5
05-05-2024 - EBD - A Confissão de Fé de Westminster,True,True,True,A Confissão de Fé de Westminster por Pastor Bruno Melo,05-05-2024 - EBD - A Confissão de Fé de Westminster [1819284144].opus,05-05-2024 - EBD - A Confissão de Fé de Westminster.txt,Reverendo Bruno Melo,1:00:16,1819284144,31,3616.836,1715385718,05-05-2024-ebd-a-confissao-de-fe-de-westminster,50qfVqwEmlVmIvYCFW4K7c,2024-05-05,9290,646,1.0336,154.11260007365553,10.716548939459793,77.5
"29-08-2021 - EBD - Presbíteros, Bispos e Pastores - Aula 2",True,True,True,"Aula 2 - Presbíteros, Bispos e Pastores por Pastor Bruno Melo","29-08-2021 - EBD - Presbíteros, Bispos e Pastores - Aula 2 [1120351786].opus","29-08-2021 - EBD - Presbíteros, Bispos e Pastores - Aula 2.txt",Reverendo Bruno Melo,1:01:37,1120351786,54,3697.136,1631022609,29-08-2021-ebd-presbiteros-bispos-e-pastores-aula-2,2KNpNTIb3nkJRRHZjARGfd,2021-08-29,9162,574,1.039855072463768,148.68806557291916,9.315318668288102,77.6
12-03-2023 - EBD - Sobre o vinho na ceia - Aula 2 - O vinho na Bíblia,True,True,True,Sobre o vinho na ceia por Pastor Bruno Melo,12-03-2023 - EBD - Sobre o vinho na ceia - Aula 2 - O vinho na Bíblia [1467388156].opus,12-03-2023 - EBD - Sobre o vinho na ceia - Aula 2 - O vinho na Bíblia.txt,Reverendo Bruno Melo,1:14:12,1467388156,78,4452.885,1678649035,12-03-2023-ebd-sobre-o-vinho-na-ceia-aula-2-o-vinho-na-biblia,6fK8tJmzQ3DhLyyM5fFHyr,2023-03-12,11450,726,1.035663338088445,154.28199919827256,9.782421957899203,77.6
08-10-2022 - Palestra Para Solteiros,True,True,True,Palestra Para Solteiros por Presbítero João Marcus,08-10-2022 - Palestra Para Solteiros [1361305654].opus,08-10-2022 - Palestra Para Solteiros.txt,Presbítero João Marcus,55:01,1361305654,51,3301.878,1665530289,08-10-2022-palestra-para-solteiros,60XnXS1jbn1dVVr29OsYfi,2022-10-08,8800,729,1.0296610169491525,159.90899724338695,13.24700670345785,77.6
31-01-2021 - EBD - Josué (2),True,True,True,"Série ""Do caos a glória: um panorama de Gênesis à Apocalipse"". Segunda parte do livro de Josué por Presb. César Miranda.",31-01-2021 - EBD - Josué (2) [990902812].opus,31-01-2021 - EBD - Josué (2).txt,Presbítero César Miranda,45:42,990902812,66,2742.753,1614036839,31-01-2021-ebd-josue-2,20Tr3TSx1CZvd1yWO5iQwr,2021-01-31,6894,480,1.0714285714285714,150.81197614221915,10.500398687012648,77.9
04-08-2024 - VI Conferência Peregrinos -  Aconselhando Uns Aos outros - Mudança De Comportamento,True,True,True,VI Conferência Peregrinos - Aconselhando Uns Aos outros - Mudança De Comportamento por Pastor Milton Júnior,04-08-2024 - VI Conferência Peregrinos -  Aconselhando Uns Aos outros - Mudança De Comportamento [1895968185].opus,04-08-2024 - VI Conferência Peregrinos -  Aconselhando Uns Aos outros - Mudança De Comportamento.txt,Pastor Milton Júnior,1:02:20,1895968185,30,3740.604,1723498974,04-08-2024-vi-conferencia-peregrinos-aconselhando-uns-aos-outros-mudanca-de-comportamento,12YPqRTwT7B78HSI7DSDdw,2024-08-04,8406,830,1.01840490797546,134.83383966867385,13.313357949678716,78.1
02-08-2024 - VI Conferência Peregrinos - Aconselhando Uns Aos outros - O uso das narrativas no aconselhamento bíblico,True,True,True,Aconselhando Uns Aos outros - O uso das narrativas no aconselhamento bíblico por Pastor Milton Júnior,02-08-2024 - VI Conferência Peregrinos - Aconselhando Uns Aos outros - O uso das narrativas no aconselhamento bíblico [1888103361].opus,02-08-2024 - VI Conferência Peregrinos - Aconselhando Uns Aos outros - O uso das narrativas no aconselhamento bíblico.txt,Pastor Milton Júnior,1:21:58,1888103361,27,4918.361,1722684409,02-08-2024-aconselhando-uns-aos-outros-o-uso-das-narrativas-no-aconselhamento-biblico,4YdgEftG6v24oePUDv9p2j,2024-08-02,11181,1102,1.013799448022079,136.39909717891794,13.443502825433105,78.1
17-01-2021 - EBD - O dia do Senhor,True,True,True,Aula ministrada pelo Presbítero César Miranda.,17-01-2021 - EBD - O dia do Senhor [976436881].opus,17-01-2021 - EBD - O dia do Senhor.txt,Presbítero César Miranda,1:05:29,976436881,62,3929.443,1612119922,17-01-2021-ebd-o-dia-do-senhor,3E6urD7QPJowYtkvdpQ90N,2021-01-17,9875,768,1.037837837837838,150.7847295405481,11.726852889837058,78.1
18-06-2023 - EBD - Escolhendo Presbíteros - Aula 1,True,True,True,Escolhendo Presbíteros - Aula 1 por Pastor Bruno Melo,18-06-2023 - EBD - Escolhendo Presbíteros - Aula 1 [1543835521].opus,18-06-2023 - EBD - Escolhendo Presbíteros - Aula 1.txt,Reverendo Bruno Melo,1:07:49,1543835521,36,4069.381,1687114248,18-06-2023-ebd-presbiteros-aula-1,6RAS5okpGqk5Z3vQKMzksL,2023-06-18,9927,634,1.0479338842975208,146.3662409590058,9.347859047850276,78.2
06-03-2022 - EBD - O dia do Senhor,True,True,True,EBD - O dia do Senhor por Presbítero César Miranda,06-03-2022 - EBD - O dia do Senhor [1231789234].opus,06-03-2022 - EBD - O dia do Senhor.txt,Presbítero César Miranda,53:16,1231789234,48,3196.944,1647222447,06-03-2022-ebd-o-dia-do-senhor,0LEc7I8IUFvH92GjDuN64A,2022-03-06,7823,573,1.0852272727272727,146.82146449859616,10.754020089185172,78.2
02-07-2023 - EBD - Escolhendo Presbíteros - Aula 3,True,True,True,Escolhendo Presbíteros - Aula 3 por Pastor Bruno Melo,02-07-2023 - EBD - Escolhendo Presbíteros - Aula 3 [1561393408].opus,02-07-2023 - EBD - Escolhendo Presbíteros - Aula 3.txt,Reverendo Bruno Melo,1:01:30,1561393408,38,3690.606,1689035474,02-07-2023-ebd-escolhendo-presbiteros-aula-3,3SduLFeBy2NzH7yyWWjc72,2023-07-02,9231,576,1.032258064516129,150.07291485463364,9.364315779034662,78.2
08-11-2020 - EBD - Êxodo 1-18,True,True,True,"Série ""Do caos a glória: um panorama de Gênesis à Apocalipse"" por Rev. Bruno Melo.",08-11-2020 - EBD - Êxodo 1-18 [926330512].opus,08-11-2020 - EBD - Êxodo 1-18.txt,Reverendo Bruno Melo,1:03:10,926330512,72,3790.341,1604965760,08-11-2020-ebd-exodo-1-18,2PJqMaSmmVt3TVYQLce5Jx,2020-11-08,9773,520,1.113490364025696,154.70375884386127,8.23144936036098,78.2
26-06-2022 - EBD - 2 Samuel (10),True,True,True,"Série ""Do caos a glória: um panorama de Gênesis à Apocalipse"" por Pastor Bruno Melo",26-06-2022 - EBD - 2 Samuel (10) [1298946445].opus,26-06-2022 - EBD - 2 Samuel (10).txt,Reverendo Bruno Melo,54:17,1298946445,45,3257.26,1656861049,26-06-2022-ebd-2-samuel-9,2ZZhuaFjLmIb8zcVeC7Glh,2022-06-26,7935,536,1.0190114068441065,146.16579579155484,9.8733291171107,78.3
23-02-2020 - Diaconia - Aula 4,True,True,True,,23-02-2020 - Diaconia - Aula 4 [768778078].opus,23-02-2020 - Diaconia - Aula 4.txt,Reverendo Bruno Melo,52:22,768778078,77,3142.922,1583028067,23-02-2020-diaconia-aula-4,5scTu7ox9SJbhoS4FB5ml3,2020-02-23,7957,543,1.0187617260787993,151.9032289060944,10.366149716728573,78.3
15-01-2023 - EBD - Atos 5.1-16,True,True,True,Atos 5.1-16 por Presbítero Humberto Elias,15-01-2023 - EBD - Atos 5.1-16 [1438663378].opus,15-01-2023 - EBD - Atos 5.1-16.txt,Presbítero Humberto Elias,1:02:05,1438663378,54,3725.923,1675383784,15-01-2023-ebd-atos-51-16,1yxbFk3ZpvasjkEB2DpJGD,2023-01-15,8585,670,1.0291858678955452,138.24762347477392,10.78927288620833,78.4
13-06-2022 - História da redenção e Projeto Panamá,True,True,True,História da redenção e Projeto Panamá por Pastor Raimundo Montenegro,13-06-2022 - História da redenção e Projeto Panamá [1231796089].opus,13-06-2022 - História da redenção e Projeto Panamá.txt,Pastor Raimundo Montenegro,1:06:10,1231796089,53,3970.821,1647223548,13-06-2022-historia-da-redencao-e-projeto-panama,73orQe9QPQhuxmMRnTX03m,2022-06-13,10332,773,1.0251989389920424,156.11884796620143,11.68020416936447,78.4
"18-06-2023 - 1 Timóteo 1.8-11 - ""A lei é boa""",True,True,True,1 Timóteo 1.8-11 por Presbítero Lucas Gibram,18-06-2023 - 1 Timóteo 1.8-11 - ＂A lei é boa＂ [1543993186].opus,18-06-2023 - 1 Timóteo 1.8-11 - -A lei é boa-.txt,Presbítero Lucas Gibram,45:04,1543993186,54,2704.927,1687135516,18-06-2023-1-timoteo-18-11-a-lei-e-boa,5FZVaHw2ppn2btjqS6bGVK,2023-06-18,6514,389,1.095774647887324,144.49188462387337,8.62869866728381,78.6
16-02-2020 - Diaconia - Aula 3,True,True,True,,16-02-2020 - Diaconia - Aula 3 [768771580].opus,16-02-2020 - Diaconia - Aula 3.txt,Reverendo Bruno Melo,1:05:00,768771580,71,3900.604,1583026726,16-02-2020-diaconia-aula-3,1pXp4DlI5hNHoaD6mehbT5,2020-02-16,9452,723,1.0168776371308017,145.39286736105487,11.121354538938073,78.6
03-03-2024 - EBD - Atos 18.23-28-22; 19.1-7,True,True,True,Atos 18.23-28-22; 19.1-7 por Presbítero Humberto Elias,03-03-2024 - EBD - Atos 18.23-28-22; 19.1-7 [1770777756].opus,03-03-2024 - EBD - Atos 18.23-28-22; 19.1-7.txt,Presbítero Humberto Elias,1:01:23,1770777756,40,3683.474,1710090998,03-03-2024-ebd-atos-1823-28-22-191-7,7y6DFYENNZY6bYKtn6NdQ2,2024-03-03,8567,500,1.079913606911447,139.54761184685978,8.144485341826764,78.7
22-11-2020 - EBD - Êxodo 19-40,True,True,True,"Série ""Do caos a glória: um panorama de Gênesis à Apocalipse"" por Rev. Bruno Melo.",22-11-2020 - EBD - Êxodo 19-40 [934109098].opus,22-11-2020 - EBD - Êxodo 19-40.txt,Reverendo Bruno Melo,1:00:02,934109098,74,3602.39,1606074150,22-11-2020-ebd-exodo-19-40,4wPK9FCKcvM8mGUQI8FbT3,2020-11-22,9285,788,1.011553273427471,154.6473313550171,13.12462004391529,78.7
07-03-2021 - EBD - Juízes - Parte 3,True,True,True,"Série ""Do caos a glória: um panorama de Gênesis à Apocalipse"" por Rev. Bruno Melo.",07-03-2021 - EBD - Juízes - Parte 3 [1004423593].opus,07-03-2021 - EBD - Juízes - Parte 3.txt,Reverendo Bruno Melo,1:07:16,1004423593,142,4036.127,1615418434,07-03-2021-ebd-juizes-parte-3,6cdFL3ATEdKA5BW0pzUtTV,2021-03-07,10418,814,1.0213299874529485,154.87124166310923,12.100709417716539,78.8
02-01-2022 - EDB - Diaconia Aula 1,True,True,True,Série de aulas sobre a Diaconia por Pastor Bruno Melo,02-01-2022 - EDB - Diaconia Aula 1 [1199379403].opus,02-01-2022 - EDB - Diaconia Aula 1.txt,Reverendo Bruno Melo,1:07:22,1199379403,46,4042.815,1642601268,02-01-2022-edb-diaconia-aula-1,34zipNs0vthUtLnCLeAC8Z,2022-01-02,9492,582,1.0448833034111311,140.87213983325975,8.637545868410996,78.9
23-10-2022 - EBD - Atos 2.14-47,True,True,True,Atos 2.14-47 por Presbítero Humberto Elias,23-10-2022 - EBD - Atos 2.14-47 [1374554638].opus,23-10-2022 - EBD - Atos 2.14-47.txt,Presbítero Humberto Elias,58:19,1374554638,49,3499.389,1667340601,23-10-2022-ebd-atos-214-47,2IK8Tlqs97vt0iwQfltKuP,2022-10-23,8283,564,1.0483271375464684,142.0190781876493,9.670259579600895,78.9
10-12-2023 - EBD - A Enfermidade na Vida Cristã,True,True,True,A Enfermidade na Vida Cristã por Presbítero César Miranda,10-12-2023 - EBD - A Enfermidade na Vida Cristã [1701557700].opus,10-12-2023 - EBD - A Enfermidade na Vida Cristã.txt,Presbítero César Miranda,1:11:53,1701557700,35,4313.182,1703734834,10-12-2023-ebd-a-enfermidade-na-vida-crista,0Qs9xNlmk9m4pgt7cnOFZK,2023-12-10,10233,856,1.0325693606755126,142.349662036056,11.907682077871975,78.9
05-01-2020 - O Quinto Mandamento,True,True,True,,05-01-2020 - O Quinto Mandamento [745716259].opus,05-01-2020 - O Quinto Mandamento.txt,Reverendo Bruno Melo,45:29,745716259,71,2729.247,1579394089,05-01-2020-o-quinto-mandamento,7DENNRGXrMPkO9KUR0TTqo,2020-01-05,6533,480,1.0256410256410255,143.62203201102724,10.55236114576658,78.9
18-09-2022 - EBD - O Livro dos Reis - 1 Rs 6.14 a 7.51,True,True,True,O Livro dos Reis por Pastor Bruno Melo,18-09-2022 - EBD - O Livro dos Reis - 1 Rs 6.14 a 7.51 [1349841106].opus,18-09-2022 - EBD - O Livro dos Reis - 1 Rs 6.14 a 7.51.txt,Reverendo Bruno Melo,1:06:24,1349841106,44,3984.091,1663969784,18-09-2022-ebd-o-livro-dos-reis-1-rs-614-a-751,6UfMeFbRV915SlIilOJw8m,2022-09-18,9965,722,1.0140449438202248,150.07187335831435,10.87324561612674,79.0
11-10-2020 - 1 Pedro 3.13-17,True,True,True,1 Pedro 3.13-17 - A Vida Santa e Consequências  por Presb. César Miranda.,11-10-2020 - 1 Pedro 3.13-17 [910737763].opus,11-10-2020 - 1 Pedro 3.13-17.txt,Presbítero César Miranda,50:27,910737763,79,3027.043,1602722149,11-10-2020-1-pedro-313-17,58COrMpwMRkfUPlJm2VdRy,2020-10-11,7725,484,1.0852017937219731,153.1197277342938,9.59352080561789,79.0
22-11-2020 - Êxodo 32-34.9,True,True,True,Êxodo 32-34.9 por Rev. Bruno Melo.,22-11-2020 - Êxodo 32-34.9 [941012464].opus,22-11-2020 - Êxodo 32-34.9.txt,Reverendo Bruno Melo,43:40,941012464,75,2620.944,1607038024,22-11-2020-exodo-32-349,0CJrxNBGJrlnk1TP35hq7i,2020-11-22,6942,414,1.0298507462686568,158.91983956925444,9.477501236195813,79.0
08-10-2023 - EBD - Atos 9.20-31,True,True,True,Atos 9.20-31 por Presbítero Humberto Elias,08-10-2023 - EBD - Atos 9.20-31 [1641333990].opus,08-10-2023 - EBD - Atos 9.20-31.txt,Presbítero Humberto Elias,1:07:00,1641333990,39,4020.14,1697395233,08-10-2023-ebd-atos-920-31,2UuFIWMLPuIYTwgyoEiMiF,2023-10-08,9928,625,1.0557432432432432,148.17394419099833,9.328033352072318,79.1
04-10-2020 - Mateus 7.1-6,True,True,True,Mateus 7.1-6 por Rev. Bruno Melo.,04-10-2020 - Mateus 7.1-6 [904702243].opus,04-10-2020 - Mateus 7.1-6.txt,Reverendo Bruno Melo,41:55,904702243,83,2515.304,1601857249,04-10-2020-mateus-71-6,29SOYcJwxvzZG5Nn9XaI1m,2020-10-04,6338,401,1.0308483290488433,151.18649674154693,9.565444176926526,79.1
24-11-2024 - EBD - CFW 12 - Da Adoção,True,True,True,,24-11-2024 - EBD - CFW 12 - Da Adoção [1974908959].opus,24-11-2024 - EBD - CFW 12 - Da Adoção [1974908959].txt,Presbítero Lucas Gibram,51:23,1974908959,8,3083.99,1733449544,24-11-2024-ebd-cfw-12-da-adocao,1H9Lw4wrR4eTYzbH1FgNZb,2024-11-24,7408,413,1.1568627450980393,144.1249809500031,8.035045509226684,79.1
"14-05-2023 - EBD - Ensinando no caminho, ensinando na Palavra",True,True,True,"Ensinando no caminho, ensinando na Palavra por Presbítero César Miranda","14-05-2023 - EBD - Ensinando no caminho, ensinando na Palavra [1519147972].opus","14-05-2023 - EBD - Ensinando no caminho, ensinando na Palavra.txt",Presbítero César Miranda,1:07:39,1519147972,56,4059.742,1684691005,14-05-2023-ebd-ensinando-no-caminho-ensinando-na-palavra,31rnGqUyCzNUMXEwOtKP3A,2023-05-14,9874,749,1.0345303867403315,145.93045567920325,11.069668959258987,79.2
01-11-2020 - 1 Pedro 4.1-6,True,True,True,1 Pedro 4.1-6 por Presb. César Miranda.,01-11-2020 - 1 Pedro 4.1-6 [924123754].opus,01-11-2020 - 1 Pedro 4.1-6.txt,Presbítero César Miranda,45:53,924123754,72,2753.985,1604618542,01-11-2020-1-pedro-41-6,42LdVDY6IkWJ0ViZRyvFYO,2020-11-01,6796,411,1.1048387096774193,148.06180861551533,8.954297136694644,79.2
26/12/2021 - EBD - 1 Samuel,True,True,True,"Série ""Do caos a glória: um panorama de Gênesis à Apocalipse"" por Pastor Bruno Melo",26⧸12⧸2021 - EBD - 1 Samuel [1186303417].opus,26-12-2021 - EBD - 1 Samuel.txt,Reverendo Bruno Melo,1:02:53,1186303417,51,3773.571,1640718466,26122021-ebd-1-samuel,6OIK8FyphSRCzCxejK1vPo,2021-12-26,9377,665,1.0342146189735615,149.0948494145201,10.573538963491082,79.2
20-03-2022 - EBD - O dia do Senhor (2),True,True,True,EBD - O dia do Senhor por Presbítero César Miranda,20-03-2022 - EBD - O dia do Senhor (2) [1243327906].opus,20-03-2022 - EBD - O dia do Senhor (2).txt,Presbítero César Miranda,1:02:44,1243327906,47,3764.036,1648940700,20-03-2022-ebd-o-dia-do-senhor-2,7IJTXKY99hVJfRjURKvKhR,2022-03-20,8965,702,1.0233236151603498,142.90511567902115,11.190116141290892,79.3
30-10-2022 - EBD - Atos 3,True,True,True,Atos 3 por Presbítero Humberto Elias,30-10-2022 - EBD - Atos 3 [1374610597].opus,30-10-2022 - EBD - Atos 3.txt,Presbítero Humberto Elias,1:05:12,1374610597,52,3912.62,1667349227,30-10-2022-ebd-atos-3,5vlgbs0zix5UEOcwRaEzcp,2022-10-30,9323,667,1.0520504731861198,142.9681389963758,10.228440277870071,79.3
24-01-2021 - EBD - Josué (1),True,True,True,"Série ""Do caos a glória: um panorama de Gênesis à Apocalipse"" por Presb. César Miranda.",24-01-2021 - EBD - Josué (1) [976450375].opus,24-01-2021 - EBD - Josué (1).txt,Presbítero César Miranda,55:52,976450375,85,3352.66,1612121380,24-01-2021-ebd-josue-1,60E7UTo4aqCyond6Ozl0A4,2021-01-24,7998,620,1.0350584307178632,143.13410843926914,11.095667320873575,79.3
21-07-2024 - EBD - CFW 3 - Do Eterno Decreto de Deus - Efésios 1.3-14,True,True,True,CFW 3 - Do Eterno Decreto de Deus - Efésios 1.3-14 por Pastor Bruno Melo,21-07-2024 - EBD - CFW 3 - Do Eterno Decreto de Deus - Efésios 1.3-14 [1880055777].opus,21-07-2024 - EBD - CFW 3 - Do Eterno Decreto de Deus - Efésios 1.3-14.txt,Reverendo Bruno Melo,1:07:08,1880055777,21,4028.369,1721860442,21-07-2024-ebd-cfw-3-do-eterno-decreto-de-deus-efesios-13-14,2ARwrWI8UQ8TQ9M7uGaTcn,2024-07-21,9724,622,1.0230263157894737,144.8328095067756,9.264295301646895,79.3
13-12-2020 - Mateus 7.15-23,True,True,True,Mateus 7.15-23 por Rev. Bruno Melo.,13-12-2020 - Mateus 7.15-23 [950736802].opus,13-12-2020 - Mateus 7.15-23.txt,Reverendo Bruno Melo,38:57,950736802,70,2337.176,1608403442,13-12-2020-mateus-715-23,6dd0MptOwqC4SBcN8L0Qwr,2020-12-13,5230,338,1.027355623100304,134.26459967071372,8.677138563805208,79.4
10-09-2023 - EBD - Atos 8.25-40,True,True,True,Atos 8.25-40 por Presbítero Humberto Elias,10-09-2023 - EBD - Atos 8.25-40 [1613154447].opus,10-09-2023 - EBD - Atos 8.25-40.txt,Presbítero Humberto Elias,58:47,1613154447,38,3527.288,1694392841,10-09-2023-ebd-atos-825-40,1mR3SYhyY3TF1SkCt6orYp,2023-09-10,8482,492,1.1310344827586207,144.28081857789894,8.369035927885673,79.4
16-07-2023 - EBD - Escolhendo Diáconos - Aula 1,True,True,True,Escolhendo Diáconos - Aula 1 por Pastor Bruno Melo,16-07-2023 - EBD - Escolhendo Diáconos - Aula 1 [1569679444].opus,16-07-2023 - EBD - Escolhendo Diáconos - Aula 1.txt,Reverendo Bruno Melo,1:05:07,1569679444,34,3907.474,1689813433,16-07-2023-ebd-escolhendo-diaconos-aula-1,4Y5Q9FIB1C3yzh6JDbniO9,2023-07-16,9775,629,1.0261011419249593,150.0969680156541,9.658413594050785,79.4
11-12-2022 - EBD - Atos 4,True,True,True,Atos 4 por Presbítero Humberto Elias,11-12-2022 - EBD - Atos 4 [1420235239].opus,11-12-2022 - EBD - Atos 4.txt,Presbítero Humberto Elias,58:43,1420235239,50,3523.944,1673302650,11-12-2022-ebd-atos-4,5Ompjn9UoJ4pNo0MdeS4Xy,2022-12-11,7949,540,1.0325047801147227,135.34267286880836,9.194243722374702,79.5
11-02-2024 - EBD - Atos 17.15-34,True,True,True,Atos 17.15-34 por Presbítero Humberto Elias,11-02-2024 - EBD - Atos 17.15-34 [1750093614].opus,11-02-2024 - EBD - Atos 17.15-34.txt,Presbítero Humberto Elias,1:02:58,1750093614,37,3778.168,1708196895,11-02-2024-ebd-atos-1715-34,0VHbdLuRCAsRZVULM6CyOK,2024-02-11,9037,553,1.0885826771653544,143.51399937747607,8.782034044012866,79.5
24-10-2021 - EBD - Sola Fide - Somente a Fé,True,True,True,24-10-2021 - EBD - Sola Fide - Somente a Fé por Pastor Lucas Antunes,24-10-2021 - EBD - Sola Fide - Somente a Fé [1176318775].opus,24-10-2021 - EBD - Sola Fide - Somente a Fé.txt,Pastor Lucas Antunes,41:55,1176318775,45,2515.461,1639271792,24102021-ebd-sola-fide-somente-a-fe,71rNnpEXbgcxRdThdKlW5H,2021-10-24,5217,518,1.0443548387096775,124.43842301669555,12.355588100948495,79.6
24-12-2023 - EBD - Atos 14,True,True,True,Atos 14 por Presbítero Humberto Elias,24-12-2023 - EBD - Atos 14 [1706538447].opus,24-12-2023 - EBD - Atos 14.txt,Presbítero Humberto Elias,56:46,1706538447,40,3406.367,1704240424,24-12-2023-ebd-atos-14,2wSUFodjKcWBd2gL8scMbe,2023-12-24,8121,501,1.0591966173361522,143.04389397854078,8.824651013822058,79.6
09-07-2023 - EBD - Escolhendo Presbíteros - Aula 4,True,True,True,Escolhendo Presbíteros - Aula 4 por Pastor Bruno Melo,09-07-2023 - EBD - Escolhendo Presbíteros - Aula 4 [1561411696].opus,09-07-2023 - EBD - Escolhendo Presbíteros - Aula 4.txt,Reverendo Bruno Melo,1:05:58,1561411696,44,3958.1,1689037386,09-07-2023-ebd-escolhendo-presbiteros-aula-4,3a2finVSp2IyORXaQoXisz,2023-07-09,9644,609,1.0392491467576792,146.19135443773527,9.231702079280463,79.6
25-10-2020 - EBD - Gênesis 12-50,True,True,True,"Série ""Do caos a glória: um panorama de Gênesis à Apocalipse"" por Rev. Bruno Melo.",25-10-2020 - EBD - Gênesis 12-50 [917458672].opus,25-10-2020 - EBD - Gênesis 12-50.txt,Reverendo Bruno Melo,1:03:06,917458672,91,3786.58,1603649973,25-10-2020-ebd-genesis-12-50,0QuG5PFAbT9nd3V8T6NnII,2020-10-25,9551,607,1.0429553264604812,151.33973136709116,9.61817788083178,79.6
09-04-2023 - Filipenses 1.1-5,True,True,True,Filipenses 1.1-5 por Presbítero César Miranda,09-04-2023 - Filipenses 1.1-5 [1517268859].opus,09-04-2023 - Filipenses 1.1-5.txt,Presbítero César Miranda,51:32,1517268859,40,3092.663,1684454548,09-04-2023-filipenses-11-5,4Ku9AqZ7ZldSfGUNzDuzoT,2023-04-09,7316,522,1.0588235294117647,141.93593029696413,10.127194589258512,79.7
24-07-2022 - EBD - O Livro dos Reis - 1 Rs 1 e 2,True,True,True,O Livro dos Reis por Pastor Bruno Melo,24-07-2022 - EBD - O Livro dos Reis - 1 Rs 1 e 2 [1311122305].opus,24-07-2022 - EBD - O Livro dos Reis - 1 Rs 1 e 2.txt,Reverendo Bruno Melo,59:29,1311122305,55,3569.946,1658710968,24-07-2022-ebd-o-livro-dos-reis-1-rs-1-e-2,1v6XRpf1Nwlsgson7AhAkG,2022-07-24,8566,563,1.0562851782363978,143.96856423038332,9.462328001600024,79.7
28-08-2022 - EBD - Atos 1.8-26,True,True,True,Atos 1.8-26 por Presbítero Humberto Elias,28-08-2022 - EBD - Atos 1.8-26 [1337538826].opus,28-08-2022 - EBD - Atos 1.8-26.txt,Presbítero Humberto Elias,1:05:33,1337538826,58,3933.753,1662310653,28-08-2022-ebd-atos-18-26,4Eb72wdHu2mRUJYRi95sqt,2022-08-28,8782,539,1.0737051792828685,133.94842024905986,8.221156742683132,79.8
04-09-2022 - EBD - Graça Eficaz,True,True,True,Graça Eficaz por Presbítero César Miranda,04-09-2022 - EBD - Graça Eficaz [1346064853].opus,04-09-2022 - EBD - Graça Eficaz.txt,Presbítero César Miranda,53:56,1346064853,73,3236.441,1663492005,04-09-2022-ebd-graca-eficaz,2oruh6EoNY2qpUa091AQHe,2022-09-04,7459,593,1.0458553791887126,138.2815259107149,10.993557429287295,79.8
22-12-2019  - O Sexto Mandamento e o Corpo (1),True,True,True,,22-12-2019  - O Sexto Mandamento e o Corpo (1) [733999195].opus,22-12-2019  - O Sexto Mandamento e o Corpo (1).txt,Presbítero César Miranda,52:15,733999195,90,3135.739,1577321259,15-12-2019-o-sexto-mandamento-e-o-corpo-1,6OHcscz4GK5gwgtYw7YIjo,2019-12-22,7336,612,1.0285714285714285,140.3688253390987,11.71015827529013,79.8
19/12/2021 - EBD - 1 Samuel,True,True,True,"Série ""Do caos a glória: um panorama de Gênesis à Apocalipse"" por Pastor Bruno Melo",19⧸12⧸2021 - EBD - 1 Samuel [1186283743].opus,19-12-2021 - EBD - 1 Samuel.txt,Reverendo Bruno Melo,1:01:15,1186283743,47,3675.559,1640715821,19122021-ebd-1-samuel,4RoEWvG5PzBYNxajwjrUIJ,2021-12-19,9222,638,1.0191693290734825,150.54036678502507,10.414742356196703,79.8
03-01-2021 - EBD - Deuteronômio 1-26,True,True,True,"Série ""Do caos a glória: um panorama de Gênesis à Apocalipse"" por Rev. Bruno Melo.",03-01-2021 - EBD - Deuteronômio 1-26 [966274549].opus,03-01-2021 - EBD - Deuteronômio 1-26.txt,Reverendo Bruno Melo,58:06,966274549,91,3486.224,1610730760,03-01-2021-ebd-deuteronomio-1-26,7pXWhLhTRPmnoBsoK3GNIi,2021-01-03,9148,589,1.0728597449908925,157.44255102368635,10.137042255460349,79.8
14-02-2021 - EBD - Juízes - Parte 1,True,True,True,"Série ""Do caos a glória: um panorama de Gênesis à Apocalipse"" por Rev. Bruno Melo.",14-02-2021 - EBD - Juízes - Parte 1 [990947275].opus,14-02-2021 - EBD - Juízes - Parte 1.txt,Reverendo Bruno Melo,1:02:20,990947275,89,3740.604,1614043116,14-02-2021-ebd-juizes-1-10,1Pnx8uhGYChUytDzz4ldK5,2021-02-14,9453,752,1.0259208731241474,151.62791891363,12.062223106214933,79.9
18-10-2020 - EBD - Gênesis 1-11,True,True,True,"Série ""Do caos a glória: um panorama de Gênesis à Apocalipse"" por Rev. Bruno Melo.",18-10-2020 - EBD - Gênesis 1-11 [912767914].opus,18-10-2020 - EBD - Gênesis 1-11.txt,Reverendo Bruno Melo,1:08:02,912767914,96,4082.887,1603041267,18-10-2020-ed-genesis-1-11,2kOK4oAZX3SEkvr7pXCjZx,2020-10-18,10603,838,1.025703794369645,155.81621533978284,12.314815472483073,79.9
06-12-2020 - 2 Samuel 9,True,True,True,2 Samuel 9 por Seminarista Israel Quaresma,06-12-2020 - 2 Samuel 9 [943556527].opus,06-12-2020 - 2 Samuel 9.txt,Seminarista Israel Quaresma,34:34,943556527,84,2074.122,1607432740,06-12-2020-2-samuel-9,42duwmy2hF4O2GJeYtbnkT,2020-12-06,5532,310,1.1397058823529411,160.02915932621127,8.967649926089209,79.9
04-02-2024 - EBD - Atos 17.10-14,True,True,True,Atos 17.10-14 por Presbítero Humberto Elias,04-02-2024 - EBD - Atos 17.10-14 [1745538255].opus,04-02-2024 - EBD - Atos 17.10-14.txt,Presbítero Humberto Elias,1:08:05,1745538255,47,4085.577,1707785201,04-02-2024-ebd-atos-1710-14,3draUvBduH4mCLsnGw97UH,2024-02-04,9667,551,1.0699029126213593,141.96770737646114,8.091880290103454,80.0
03-08-2024 - VI Conferência Peregrinos - Aconselhando Uns Aos outros - Introdução ao aconselhamento bíblico,True,True,True,VI Conferência Peregrinos - Aconselhando Uns Aos outros - Introdução ao aconselhamento bíblico por Pastor Milton Júnior,03-08-2024 - VI Conferência Peregrinos - Aconselhando Uns Aos outros - Introdução ao aconselhamento bíblico [1888247964].opus,03-08-2024 - VI Conferência Peregrinos - Aconselhando Uns Aos outros - Introdução ao aconselhamento bíblico.txt,Pastor Milton Júnior,1:24:57,1888247964,38,5097.482,1722704333,03-08-2024-vi-conferencia-peregrinos-aconselhando-uns-aos-outros-introducao-ao-aconselhamento-biblico,3gD3w8aFRqo4mvdKnvqZLw,2024-08-03,10937,965,1.0200845665961944,128.73414756540583,11.358549181733256,80.1
27-08-2023 - EBD - Tito 3,True,True,True,Tito 3 por Presbítero Humberto Elias,27-08-2023 - EBD - Tito 3 [1612338510].opus,27-08-2023 - EBD - Tito 3.txt,Presbítero Humberto Elias,50:17,1612338510,32,3017.247,1694278719,27-08-2023-ebd-tito-3,07JUAun8JpWtoH1RAWa9ga,2023-08-27,7166,481,1.0736607142857142,142.50076311286415,9.565010753179969,80.1
01-03-2020 - O sétimo mandamento,True,True,True,,01-03-2020 - O sétimo mandamento [772955293].opus,01-03-2020 - O sétimo mandamento.txt,Reverendo Bruno Melo,48:08,772955293,98,2888.438,1583715924,01-03-2020-o-setimo-mandamento,1WNphoXdTS8h3u9f9KwDbS,2020-03-01,7015,519,1.0256916996047432,145.71889720326348,10.780913421025481,80.1
14-11-2020 - Igreja de Cristo no Antigo Testamento (3),True,True,True,II Conferência Peregrinos - Terceira palestra sobre a Igreja de Cristo no Antigo Testamento por Reverendo Paulo Brasil.,14-11-2020 - Igreja de Cristo no Antigo Testamento (3) [929476951].opus,14-11-2020 - Igreja de Cristo no Antigo Testamento (3).txt,Reverendo Paulo Brasil,59:28,929476951,78,3568.614,1605405773,14-11-2020-igreja-de-cristo-no-antigo-testamento-3,6q7saz0YNx500hOgq9QmbI,2020-11-14,7375,573,1.0287253141831239,123.99772012327475,9.633992356696465,80.2
03-08-2024 - VI Conferência Peregrinos - Aconselhando Uns Aos outros - Introdução ao aconselhamento bÍblico (II),True,True,True,VI Conferência Peregrinos - Aconselhando Uns Aos outros - Introdução ao aconselhamento bíblico por Pastor Milton Júnior,03-08-2024 - VI Conferência Peregrinos - Aconselhando Uns Aos outros - Introdução ao aconselhamento bÍblico (II) [1888473222].opus,03-08-2024 - VI Conferência Peregrinos - Aconselhando Uns Aos outros - Introdução ao aconselhamento bÍblico (II).txt,Pastor Milton Júnior,1:35:32,1888473222,41,5732.389,1722740935,03-08-2024-vi-conferencia-peregrinos-aconselhando-uns-aos-outros-introducao-ao-aconselhamento-biblico-1,1sq5Qe7iSI7dZmmIn16WzF,2024-08-03,12269,1182,1.011120615911035,128.41766321162083,12.371805193262356,80.2
23-01-2022 - EBD - Diaconia Aula 4,True,True,True,Série de aulas sobre a Diaconia por Pastor Bruno Melo,23-01-2022 - EBD - Diaconia Aula 4 [1210543666].opus,23-01-2022 - EBD - Diaconia Aula 4.txt,Reverendo Bruno Melo,1:01:19,1210543666,47,3679.19,1644099301,23-01-2022-ebd-diaconia-aula-4,6oZdNKOqdEADH7LkQNfdQW,2022-01-23,9010,646,1.0221518987341771,146.93451547759153,10.534927524808449,80.2
24-04-2022 - 1 Pedro 4.7-11,True,True,True,1 Pedro 4.7-11 por Presbítero César Miranda,24-04-2022 - 1 Pedro 4.7-11 [1268801233].opus,24-04-2022 - 1 Pedro 4.7-11.txt,Presbítero César Miranda,40:55,1268801233,44,2455.432,1652633044,24-04-2022-1-pedro-47-11,2t5AsuwQpRJkhKbH6miF7e,2022-04-24,6019,443,1.039906103286385,147.07798872051845,10.824979066820015,80.2
06-02-2022 - EBD - Atributos de Deus - Onisciência,True,True,True,Série Atributos de Deus por Presbítero Humberto Elias,06-02-2022 - EBD - Atributos de Deus - Onisciência [1220830990].opus,06-02-2022 - EBD - Atributos de Deus - Onisciência.txt,Presbítero Humberto Elias,1:03:32,1220830990,50,3812.702,1645574820,06-02-2022-ebd-atributos-de-deus-onisciencia,6ZCKCuHviuaz5OCqXeYOcV,2022-02-06,8410,569,1.0421245421245422,132.34708613471494,8.954279668329704,80.3
12-01-2020 - As bases bíblicas da educação cristã (1),True,True,True,,12-01-2020 - As bases bíblicas da educação cristã (1) [745716865].opus,12-01-2020 - As bases bíblicas da educação cristã (1).txt,Presbítero Humberto Elias,1:06:28,745716865,132,3988.088,1579394174,05-01-2020-as-bases-biblicas-da-educacao-crista-1,3W7HxTa8j3yFIG8pCCeBKD,2020-01-12,9597,782,1.0182291666666667,144.38497846587134,11.76503627803599,80.3
30-07-2023 - EBD - Escolhendo Diáconos - Aula 3,True,True,True,Escolhendo Diáconos - Aula 3 por Pastor Bruno Melo,30-07-2023 - EBD - Escolhendo Diáconos - Aula 3 [1585036807].opus,30-07-2023 - EBD - Escolhendo Diáconos - Aula 3.txt,Reverendo Bruno Melo,56:39,1585036807,33,3399.889,1691344055,30-07-2023-ebd-escolhendo-diaconos-aula-3,1zUzBmeh1YbV83DYI1N1DU,2023-07-30,8494,525,1.0375494071146245,149.89901140890188,9.265008357625794,80.3
05-03-2023 - EBD - Sobre o vinho na ceia - Aula 1 - O vinho na Bíblia,True,True,True,Sobre o vinho na ceia por Pastor Bruno Melo,05-03-2023 - EBD - Sobre o vinho na ceia - Aula 1 - O vinho na Bíblia [1461931729].opus,05-03-2023 - EBD - Sobre o vinho na ceia - Aula 1 - O vinho na Bíblia.txt,Reverendo Bruno Melo,1:03:10,1461931729,75,3790.864,1678038053,05-03-2023-ebd-sobre-o-vinho-na-ceia-aula-1-o-vinho-na-biblia,5ChGEB8RtJ7B3gTzrbncLu,2023-03-05,9541,607,1.032312925170068,151.01042928472242,9.607308518585736,80.3
28-02-2021 - EBD - Juízes - Parte 2,True,True,True,"Série ""Do caos a glória: um panorama de Gênesis à Apocalipse"" por Rev. Bruno Melo.",28-02-2021 - EBD - Juízes - Parte 2 [1004401606].opus,28-02-2021 - EBD - Juízes - Parte 2.txt,Reverendo Bruno Melo,1:03:35,1004401606,72,3815.445,1615415637,28-02-2021-ebd-juizes-parte-2,1u0BY8W7fYXQ2MbJoBvFiO,2021-02-28,9771,766,1.0159151193633953,153.65442300963585,12.045777098084233,80.3
"07-07-2024 - Apocalipse 2.8-11 - Sê fiel até a morte, e dar-te-ei a coroa da vida",True,True,True,Apocalipse 2.8-11 por Presbítero Humberto Elias,"07-07-2024 - Apocalipse 2.8-11 - Sê fiel até a morte, e dar-te-ei a coroa da vida [1867816125].opus","07-07-2024 - Apocalipse 2.8-11 - Sê fiel até a morte, e dar-te-ei a coroa da vida.txt",Presbítero Humberto Elias,52:12,1867816125,36,3132.578,1720602568,07-07-2024-apocalipse-28-11-se-fiel-ate-a-morte-e-dar-te-ei-a-coroa-da-vida,6K3kH19S9bc0Dvs2YEK7Dk,2024-07-07,7269,425,1.0493827160493827,139.2271796584155,8.14026019463841,80.4
02-02-2020 - Diaconia - Aula 1,True,True,True,,02-02-2020 - Diaconia - Aula 1 [768751630].opus,02-02-2020 - Diaconia - Aula 1.txt,Reverendo Bruno Melo,1:09:53,768751630,88,4193.855,1583022883,02-02-2020-diaconia-aula-1,4ynPFF01Q2Nym5tQM0I8XZ,2020-02-02,10065,720,1.0212765957446808,143.99639472513954,10.300785315658267,80.4
15-05-2022 - EBD - 2 Samuel (6),True,True,True,"Série ""Do caos a glória: um panorama de Gênesis à Apocalipse"" por Pastor Bruno Melo",15-05-2022 - EBD - 2 Samuel (6) [1268989900].opus,15-05-2022 - EBD - 2 Samuel (6).txt,Reverendo Bruno Melo,1:01:40,1268989900,87,3700.584,1652659827,10-05-2022-ebd-2-samuel-6,364Ki3mULDfw3z66f3XduN,2022-05-15,8934,615,1.0165289256198347,144.85281242095843,9.971399108897408,80.4
07-04-2024 - EBD - Atos 21 e 22,True,True,True,Atos 21 e 22 por Presbítero Humberto Elias,07-04-2024 - EBD - Atos 21 e 22 [1795566427].opus,07-04-2024 - EBD - Atos 21 e 22.txt,Presbítero Humberto Elias,1:00:46,1795566427,34,3646.015,1712539618,07-04-2024-ebd-atos-21-e-22,7LjRpcl4aLl3zDLdLJkrCT,2024-04-07,8816,611,1.0338409475465313,145.07894235212964,10.054813268733124,80.4
22-09-2019 - I Pedro 3.1-7,True,True,True,,22-09-2019 - I Pedro 3.1-7 [688435093].opus,22-09-2019 - I Pedro 3.1-7.txt,Presbítero César Miranda,51:40,688435093,66,3100.108,1569759918,22-09-2019-i-pedro-31-7,0iG9ATU7zE924nrUkl2C9p,2019-09-22,7688,531,1.0514851485148515,148.79481618059756,10.277061315283209,80.4
17-12-2023 - EBD - Atos 13.4-52,True,True,True,Atos 13.4-52 por Presbítero Humberto Elias,17-12-2023 - EBD - Atos 13.4-52 [1701800850].opus,17-12-2023 - EBD - Atos 13.4-52.txt,Presbítero Humberto Elias,1:07:25,1701800850,39,4045.688,1703757980,17-12-2023-ebd-atos-134-52,1IQppzDfXzUB2TAEaZVD4M,2023-12-17,9663,655,1.0429936305732483,143.30813448787944,9.714046164706719,80.5
"26-09-2021 - EBD - Presbíteros, Bispos e Pastores - Aula 5",True,True,True,"Aula 5 - Presbíteros, Bispos e Pastores por Pastor Bruno Melo","26-09-2021 - EBD - Presbíteros, Bispos e Pastores - Aula 5 [1142779882].opus","26-09-2021 - EBD - Presbíteros, Bispos e Pastores - Aula 5.txt",Reverendo Bruno Melo,1:04:55,1142779882,77,3895.745,1634380900,26-09-2021-ebd-presbiteros-bispos-e-pastores-aula-5,5wHraa601MRBHMKeSw4TrF,2021-09-26,9332,602,1.050610820244328,143.7260395636778,9.27165407386777,80.5
11-09-2022 - EBD - O Livro dos Reis - 1 Rs 5 a 6.13,True,True,True,O Livro dos Reis por Pastor Bruno Melo,11-09-2022 - EBD - O Livro dos Reis - 1 Rs 5 a 6.13 [1346068804].opus,11-09-2022 - EBD - O Livro dos Reis - 1 Rs 5 a 6.13.txt,Reverendo Bruno Melo,1:00:12,1346068804,47,3612.029,1663493149,11-09-2022-ebd-o-livro-dos-reis-1-rs-5-a-613,13buFyzOdD8d6LSWijZKHA,2022-09-11,8664,681,1.016417910447761,143.9191102839983,11.312201535480474,80.5
29-11-2020 - Mateus 7.13-14,True,True,True,Mateus 7.13-14 por Rev. Bruno Melo.,29-11-2020 - Mateus 7.13-14 [941030242].opus,29-11-2020 - Mateus 7.13-14.txt,Reverendo Bruno Melo,44:35,941030242,70,2675.984,1607040329,29-11-2020-mateus-713-14,5qCGNr5bsokebWNkD392DK,2020-11-29,6558,371,1.0277008310249307,147.04123791472594,8.318435386758665,80.5
20-12-2020 - EBD - Números 15-36,True,True,True,"Série ""Do caos a glória: um panorama de Gênesis à Apocalipse"" por Rev. Bruno Melo.",20-12-2020 - EBD - Números 15-36 [958237837].opus,20-12-2020 - EBD - Números 15-36.txt,Reverendo Bruno Melo,55:38,958237837,66,3338.292,1609614389,20-12-2020-ebd-numeros-15-36,0swDCl5x31isZzgY3Lo0Yn,2020-12-20,8253,478,1.0669642857142858,148.333339324421,8.591219701571942,80.5
01-08-2021 - EBD - Juízes - Parte 4,True,True,True,"Série ""Do caos a glória: um panorama de Gênesis à Apocalipse"" por Pastor Bruno Melo.",01-08-2021 - EBD - Juízes - Parte 4 [1105308331].opus,01-08-2021 - EBD - Juízes - Parte 4.txt,Reverendo Bruno Melo,59:59,1105308331,74,3599.099,1628856662,01-08-2021-ebd-juizes-parte-4,31mDhB0qV0xtWKTqAznlYq,2021-08-01,8958,683,1.0364188163884673,149.33737582656101,11.386183041922436,80.5
14-11-2020 - Igreja de Cristo no Antigo Testamento (2),True,True,True,II Conferência Peregrinos - Segunda palestra sobre a Igreja de Cristo no Antigo Testamento por Reverendo Paulo Brasil,14-11-2020 - Igreja de Cristo no Antigo Testamento (2) [929252041].opus,14-11-2020 - Igreja de Cristo no Antigo Testamento (2).txt,Reverendo Paulo Brasil,58:40,929252041,78,3520.131,1605374413,14-11-2020-igreja-de-cristo-no-antigo-testamento-2,2URCu0EzoWfkSlJj1D27KU,2020-11-14,7119,513,1.08,121.34207505345682,8.743992766178303,80.6
"22-08-2021 - EBD - Presbíteros, Bispos e Pastores - Aula 1",True,True,True,"Aula 1 - Presbíteros, Bispos e Pastores por Pastor Bruno Melo","22-08-2021 - EBD - Presbíteros, Bispos e Pastores - Aula 1 [1120324048].opus","22-08-2021 - EBD - Presbíteros, Bispos e Pastores - Aula 1.txt",Reverendo Bruno Melo,1:00:13,1120324048,52,3613.205,1631019101,22-08-2021-ebd-presbiteros-bispos-e-pastores-aula-1,3qdC58L6GHnFdd0JQxKYYH,2021-08-22,8223,519,1.0400801603206413,136.54913020434765,8.618387276669882,80.6
07-08-2022 - EBD - Atos 1.1-7,True,True,True,Atos 1.1-7 por Presbítero Humberto Elias,07-08-2022 - EBD - Atos 1.1-7 [1324612273].opus,07-08-2022 - EBD - Atos 1.1-7.txt,Presbítero Humberto Elias,52:21,1324612273,56,3141.59,1660581375,07-08-2022-ebd-atos-11-7,15E1FHhGK6tvz99qbr7PoC,2022-08-07,7281,453,1.0534883720930233,139.05697433465218,8.651670014228463,80.6
19-03-2023 - EBD - Atos 8.1-4,True,True,True,Atos 8.1-4 por Presbítero Humberto Elias,19-03-2023 - EBD - Atos 8.1-4 [1488260560].opus,19-03-2023 - EBD - Atos 8.1-4.txt,Presbítero Humberto Elias,1:02:18,1488260560,63,3738.906,1680991255,19-03-2023-ebd-atos-81-4,1mAzBeGAPQM8mWX6dlId9K,2023-03-19,8815,547,1.091816367265469,141.45849079918028,8.777968742728488,80.6
17-07-2022 - EBD - O Livro dos Reis - Introdução,True,True,True,O Livro dos Reis por Pastor Bruno Melo,17-07-2022 - EBD - O Livro dos Reis - Introdução [1310650318].opus,17-07-2022 - EBD - O Livro dos Reis - Introdução.txt,Reverendo Bruno Melo,1:04:27,1310650318,62,3867.742,1658617095,17-07-2022-ebd-o-livro-dos-reis-introducao,1tASBT7X32kkXqV2x5314I,2022-07-17,9306,586,1.0262697022767076,144.36330034423185,9.090575327930353,80.6
20-11-2022 - EBD - O Livro dos Reis - 1 Rs  9 e 10,True,True,True,O Livro dos Reis por Pastor Bruno Melo,20-11-2022 - EBD - O Livro dos Reis - 1 Rs  9 e 10 [1392798385].opus,20-11-2022 - EBD - O Livro dos Reis - 1 Rs  9 e 10.txt,Reverendo Bruno Melo,57:32,1392798385,46,3452.5,1669741936,20-11-2022-ebd-o-livro-dos-reis-1-rs-9-e-10,2P1qwf5jLn6nxxrgH3GExo,2022-11-20,8315,494,1.0313152400835073,144.50398262128894,8.585083272990587,80.6
19-06-2022 - EBD - 2 Samuel (9),True,True,True,"Série ""Do caos a glória: um panorama de Gênesis à Apocalipse"" por Pastor Bruno Melo",19-06-2022 - EBD - 2 Samuel (9) [1291228063].opus,19-06-2022 - EBD - 2 Samuel (9).txt,Reverendo Bruno Melo,1:04:30,1291228063,39,3870.328,1655773233,19-06-2022-ebd-2-samuel-8,3FM1jLL4VkGTA3NekSCqHV,2022-06-19,9443,649,1.020440251572327,146.3906935019461,10.061162774834589,80.6
10-10-2021 - EBD - As Marcas de Uma Igreja Fiel,True,True,True,As Marcas de Uma Igreja Fiel por Presbítero César Miranda,10-10-2021 - EBD - As Marcas de Uma Igreja Fiel [1164187987].opus,10-10-2021 - EBD - As Marcas de Uma Igreja Fiel.txt,Presbítero César Miranda,1:00:27,1164187987,44,3627.86,1637517410,10-10-2021-ebd-as-marcas-de-uma-igreja-fiel,2ZEMyBSgaMkdlAPzgycbxk,2021-10-10,9095,653,1.0299684542586751,150.4192554288203,10.799755227599741,80.6
06-12-2020 - EBD - Levítico 16-27,True,True,True,"Série ""Do caos a glória: um panorama de Gênesis à Apocalipse"" por Rev. Bruno Melo.",06-12-2020 - EBD - Levítico 16-27 [943542745].opus,06-12-2020 - EBD - Levítico 16-27.txt,Reverendo Bruno Melo,1:02:57,943542745,86,3777.855,1607430498,06-12-2020-ebd-levitico-16-27,0NVVml82bHSnZtN2z3nTSs,2020-12-06,9528,665,1.042319749216301,151.32396558364468,10.561548815399215,80.6
28-05-2023 - EBD - Cultuando com toda a Família,True,True,True,Cultuando com toda a Família,28-05-2023 - EBD - Cultuando com toda a Família [1540200088].opus,28-05-2023 - EBD - Cultuando com toda a Família.txt,Reverendo Bruno Melo,1:07:33,1540200088,41,4053.081,1686785700,28-05-2023-ebd-cultuando-com-toda-a-familia,0uVA1sjUM2CE22IHalbeoR,2023-05-28,10267,640,1.0339256865912763,151.98808017900456,9.47427401524914,80.6
07-06-2020 - Mateus 5.33-37,True,True,True,,07-06-2020 - Mateus 5.33-37 [840114226].opus,07-06-2020 - Mateus 5.33-37.txt,Reverendo Bruno Melo,41:40,840114226,81,2500.232,1592159615,07-06-2020-mateus-533-37,1r9dqBdpS7AVlXLglpzAIW,2020-06-07,6498,471,1.0129032258064516,155.93752899730904,11.302951086139206,80.6
09-01-2022 - EBD - Diaconia Aula 2,True,True,True,Série de aulas sobre a Diaconia por Pastor Bruno Melo,09-01-2022 - EBD - Diaconia Aula 2 [1199386144].opus,09-01-2022 - EBD - Diaconia Aula 2.txt,Reverendo Bruno Melo,58:03,1199386144,43,3483.429,1642601980,09-01-2022-ebd-diaconia-aula-2,7FSYpHwmCy8EXFrDMJpGTK,2022-01-09,7911,509,1.0262096774193548,136.26228638505336,8.767223330804216,80.7
02-06-2024 - Deuteronômio 6.10-25,True,True,True,Deuteronômio 6.10-25 por Pr. Danilo,02-06-2024 - Deuteronômio 6.10-25 [1837952967].opus,02-06-2024 - Deuteronômio 6.10-25.txt,Pastor Danilo,34:05,1837952967,45,2045.283,1717548817,02-06-2024-deuteronomio-610-25,0SvWt9W8J39FjfOawtzbez,2024-06-02,4676,353,1.0382352941176471,137.1741710071418,10.355535150881321,80.7
19-11-2023 - EBD - Atos 11,True,True,True,Atos 11 por Presbítero Humberto Elias,19-11-2023 - EBD - Atos 11 [1687304721].opus,19-11-2023 - EBD - Atos 11.txt,Presbítero Humberto Elias,51:51,1687304721,40,3111.34,1702254100,19-11-2023-ebd-atos-11,1YjZOgCKbCBOnLRLaQ19QE,2023-11-19,7187,443,1.1215189873417721,138.59623184865683,8.542942912057184,80.7
21-04-2024 - Efésios 5.31-33 - Temor,True,True,True,Efésios 5.31-33 por Pastor Bruno Melo,21-04-2024 - Efésios 5.31-33 - Temor [1806925899].opus,21-04-2024 - Efésios 5.31-33 - Temor.txt,Reverendo Bruno Melo,48:00,1806925899,41,2880.784,1713973522,21-04-2024-efesios-531-33-temor,1s1zyRdrz9yEiHV7aotrlF,2024-04-21,6491,422,1.0144230769230769,135.1923643008292,8.78927403095824,80.8
05-01-2020 - Mateus 5.3,True,True,True,,05-01-2020 - Mateus 5.3 [745716007].opus,05-01-2020 - Mateus 5.3.txt,Reverendo Bruno Melo,37:51,745716007,69,2271.347,1579394045,05-01-2020-mateus-53,2Ag1AF0hC63QYrDIRE7U7q,2020-01-05,5229,408,1.0074074074074073,138.1294888011387,10.77774554042161,80.8
19-05-2024 - EBD - CFW 1 -  Da Sagradas Escrituras II,True,True,True,CFW - Capítulo 1 -  Da Sagaradas Escrituras por Presbítero César Miranda,19-05-2024 - EBD - CFW 1 -  Da Sagradas Escrituras II [1830355353].opus,19-05-2024 - EBD - CFW 1 -  Da Sagradas Escrituras II.txt,Presbítero César Miranda,1:06:02,1830355353,28,3962.958,1716688599,19-05-2024-ebd-cfw-capitulo-1-da-sagaradas-escrituras-ii,41Yi7kCNtIUBGkKblYzT9D,2024-05-19,9186,737,1.0394922425952045,139.0779311817082,11.158331730994878,80.8
21-04-2024 - EBD - Atos 25 - 26,True,True,True,Atos 25 - 26 por Presbítero Humberto Elias,21-04-2024 - EBD - Atos 25 - 26 [1806046071].opus,21-04-2024 - EBD - Atos 25 - 26.txt,Presbítero Humberto Elias,48:43,1806046071,28,2923.494,1713867164,21-04-2024-ebd-atos-25-26,2zRkW0v7VCpZtq9ujNJt16,2024-04-21,6846,495,1.029106029106029,140.50311031936442,10.159076775940022,80.8
15-08-2021 - EBD - Rute,True,True,True,"Série ""Do caos a glória: um panorama de Gênesis à Apocalipse"" por Pastor Lucas Antunes",15-08-2021 - EBD - Rute [1115963209].opus,15-08-2021 - EBD - Rute.txt,Reverendo Bruno Melo,1:00:16,1115963209,61,3616.366,1630366791,15-08-2021-ebd-rute,3tnIp1pd5q8bhGpt2JWThn,2021-08-15,8958,653,1.017133956386293,148.62433724905057,10.834080400048004,80.8
02-04-2023 - EBD - Igreja e Comunhão,True,True,True,Igreja e Comunhão por Pastor Bruno Melo.,02-04-2023 - EBD - Igreja e Comunhão [1517246116].opus,02-04-2023 - EBD - Igreja e Comunhão.txt,Reverendo Bruno Melo,59:49,1517246116,46,3589.747,1684451367,02-04-2023-ebd-igreja-e-comunhao,5ZRmf5Hg9l11qWpZ3HSiah,2023-04-02,8927,572,1.0437956204379562,149.2082868235561,9.5605623460372,80.8
12-06-2022 - EBD - 2 Samuel (8),True,True,True,"Série ""Do caos a glória: um panorama de Gênesis à Apocalipse"" por Pastor Bruno Melo",12-06-2022 - EBD - 2 Samuel (8) [1291220776].opus,12-06-2022 - EBD - 2 Samuel (8).txt,Reverendo Bruno Melo,1:03:25,1291220776,59,3805.675,1655772036,12-06-2022-ebd-2-samuel-7,0SIZYCMF4MGOdcC79aXwDM,2022-06-12,9830,730,1.0082872928176796,154.97907729903366,11.509127815696296,80.8
19-02-2023 - EBD - Atos 6,True,True,True,Atos 6 por Presbítero Humberto Elias,19-02-2023 - EBD - Atos 6 [1461531352].opus,19-02-2023 - EBD - Atos 6.txt,Presbítero Humberto Elias,56:40,1461531352,48,3400.307,1677973662,19-02-2023-ebd-atos-6,6QT9jKrTEEZcMND7Kdq9NU,2023-02-19,7776,542,1.060665362035225,137.21114005294228,9.563842323649013,80.9
23-07-2023 - EBD - Escolhendo Diáconos - Aula 2,True,True,True,Escolhendo Diáconos - Aula 2 por Pastor Bruno Melo,23-07-2023 - EBD - Escolhendo Diáconos - Aula 2 [1574521825].opus,23-07-2023 - EBD - Escolhendo Diáconos - Aula 2.txt,Reverendo Bruno Melo,1:01:17,1574521825,34,3677.753,1690332494,23-07-2023-ebd-escolhendo-diaconos-aula-2,59se91hGhi1StcxmaQBHWB,2023-07-23,9091,573,1.019572953736655,148.31338591797763,9.348099233417797,80.9
21-06-2020 - Mateus 5.43-48,True,True,True,,21-06-2020 - Mateus 5.43-48 [844357060].opus,21-06-2020 - Mateus 5.43-48.txt,Reverendo Bruno Melo,42:10,844357060,95,2530.56,1592771115,21-06-2020-mateus-543-48,0KYl6n4SrwASpOJnPPFxBP,2020-06-21,6362,412,1.0198019801980198,150.84408194233686,9.768588770864946,80.9
"10-11-2024 - Filipenses 2.1-4 - A Unidade, Humildade e Abnegação da Verdadeira Igreja",True,True,True,Filipenses 2.1-4 por Presbítero César Miranda,"10-11-2024 - Filipenses 2.1-4 - A Unidade, Humildade e Abnegação da Verdadeira Igreja [1974880831].opus","10-11-2024 - Filipenses 2.1-4 - A Unidade, Humildade e Abnegação da Verdadeira Igreja [1974880831].txt",Presbítero César Miranda,46:10,1974880831,6,2770.416,1733445921,10-11-2024-filipenses-21-4-a-unidade-humildade-e-abnegacao-da-verdadeira-igreja,73P3uJqMf3NfMIYIE88SbX,2024-11-10,3525,234,1.1359223300970873,76.34232548469255,5.0678309683455485,80.9
25-12-2022 - EBD - O Livro dos Reis - 1 Rs 12.25-13.34,True,True,True,O Livro dos Reis por Pastor Bruno Melo,25-12-2022 - EBD - O Livro dos Reis - 1 Rs 12.25-13.34 [1421033197].opus,25-12-2022 - EBD - O Livro dos Reis - 1 Rs 12.25-13.34.txt,Reverendo Bruno Melo,58:06,1421033197,52,3486.38,1673392203,25-12-2022-ebd-o-livro-dos-reis-1-rs-1225-1334,0Gj3TsF186kZ3Z8se3TPEl,2022-12-25,8300,588,1.0297723292469352,142.84157206041797,10.119378839942863,81.0
19-02-2023 - 1 Timóteo 1.5-7,True,True,True,1 Timóteo 1.5-7 por Presbítero Lucas Gibram,19-02-2023 - 1 Timóteo 1.5-7 [1461535417].opus,19-02-2023 - 1 Timóteo 1.5-7.txt,Presbítero Lucas Gibram,47:01,1461535417,44,2821.721,1677974292,19-02-2023-1-timoteo-15-7,496ZJE1qOoVWMXtgazvhPZ,2023-02-19,6727,357,1.1261829652996846,143.04036437337356,7.591111949055204,81.0
09-02-2020 - Diaconia - Aula 2,True,True,True,,09-02-2020 - Diaconia - Aula 2 [768761029].opus,09-02-2020 - Diaconia - Aula 2.txt,Reverendo Bruno Melo,1:04:35,768761029,80,3875.971,1583024696,09-02-2020-diaconia-aula-2,5GepoUnyZOgeZcLOxQZWwV,2020-02-09,9432,669,1.0356037151702786,146.0072843682267,10.356114635532618,81.0
01-09-2024 - EBD - CFW 6 - Da queda do homem do pecado e do seu castigo -Gênesis 3.14-24,True,True,True,CFW 6 - Da queda do homem do pecado e do seu castigo -Gênesis 3.14-24 por Pastor Bruno Melo,01-09-2024 - EBD - CFW 6 - Da queda do homem do pecado e do seu castigo -Gênesis 3.14-24 [1929121337].opus,01-09-2024 - EBD - CFW 6 - Da queda do homem do pecado e do seu castigo -Gênesis 3.14-24.txt,Reverendo Bruno Melo,1:03:28,1929121337,16,3808.444,1728085084,01-09-2024-ebd-cfw-6-da-queda-do-homem-do-pecado-e-do-seu-castigo-genesis-314-24,23nwb7B594wnG6aA7VrDar,2024-09-01,9346,570,1.1220472440944882,147.24123552821047,8.980045393866892,81.0
17-04-2022 - 1 João 4.12-16,True,True,True,1 João 4.12-16 por Presbítero Éder Júnior,17-04-2022 - 1 João 4.12-16 [1256021752].opus,17-04-2022 - 1 João 4.12-16.txt,Presbítero Éder Júnior,42:59,1256021752,61,2579.749,1650803747,17-04-2022-1-joao-412-16,2zLELtbp6QnS3pSJs1b0MJ,2022-04-17,6391,395,1.020671834625323,148.64236792028993,9.186940279848931,81.0
07-05-2023 - EBD - O primeiro casamento,True,True,True,O primeiro casamento por Pastor Bruno Melo,07-05-2023 - EBD - O primeiro casamento [1519140202].opus,07-05-2023 - EBD - O primeiro casamento.txt,Reverendo Bruno Melo,1:02:46,1519140202,47,3766.7,1684690092,07-05-2023-ebd-o-primeiro-casamento,2ul4VX3PoK5PNILWwaJrgs,2023-05-07,9351,613,1.0372250423011844,148.95266413571562,9.764515358271167,81.0
16-05-2021 - Eclesiastes 2.1-11,True,True,True,Eclesiastes 2.1-11 por Pastor Lucas Antunes,16-05-2021 - Eclesiastes 2.1-11 [1062267499].opus,16-05-2021 - Eclesiastes 2.1-11.txt,Pastor Lucas Antunes,42:14,1062267499,67,2534.348,1622854277,16-05-2021-eclesiastes-21-11,4XTXC032BLBHbwjZcpEUzO,2021-05-16,5044,420,1.031941031941032,119.41532891299853,9.943385833358324,81.1
20-10-2024 - EBD - CFW 8 - Cristo o Mediador,True,True,True,CFW 8 - Cristo o Mediador por Presbítero César Miranda,20-10-2024 - EBD - CFW 8 - Cristo o Mediador [1971226727].opus,20-10-2024 - EBD - CFW 8 - Cristo o Mediador.txt,Presbítero César Miranda,58:15,1971226727,9,3495.027,1733077416,20-10-2024-ebd-cfw-8-cristo-o-mediador,4dC6Yn3Y5sZ7iq38w0b68k,2024-10-20,7483,636,1.0392156862745099,128.46252689893382,10.91837058769503,81.1
29-05-2022 - EBD - Atribututos de Deus - Imutabilidade,True,True,True,Série Atributos de Deus por Presbítero Humberto Elias,29-05-2022 - EBD - Atribututos de Deus - Imutabilidade [1281227713].opus,29-05-2022 - EBD - Atribututos de Deus - Imutabilidade.txt,Presbítero Humberto Elias,56:06,1281227713,39,3366.374,1654389003,29-05-2022-ebd-atribututos-de-deus-imutabilidade,4AgRyp7B5Yd4c882oEZTxj,2022-05-29,7370,534,1.0269230769230768,131.3579536914199,9.517659059866789,81.1
29-09-2024 - EBD - CFW 5 - Da providência - Parte II,True,True,True,CFW 5 - Da providência por Pastor Bruno Melo,29-09-2024 - EBD - CFW 5 - Da providência - Parte II [1929151187].opus,29-09-2024 - EBD - CFW 5 - Da providência - Parte II.txt,Reverendo Bruno Melo,57:35,1929151187,17,3455.164,1728091129,29-09-2024-ebd-cfw-5-da-providencia,3hbTjdS7YhzIJKnNW1KE31,2024-09-29,8340,489,1.081858407079646,144.82669997719356,8.491637444705953,81.1
17-04-2022 - EBD - Igreja e Comunhão (2),True,True,True,Aula 2 - Igreja e Comunhão por Pastor Bruno Melo.,17-04-2022 - EBD - Igreja e Comunhão (2) [1256018542].opus,17-04-2022 - EBD - Igreja e Comunhão (2).txt,Reverendo Bruno Melo,1:01:19,1256018542,66,3679.086,1650803124,17-04-2022-ebd-igreja-e-comunhao-2,5X2VOp1pYrgoABps9AusmL,2022-04-17,9290,620,1.0367892976588629,151.50502054042772,10.111206968252443,81.1
14-06-2020 - Mateus 5.38-42,True,True,True,,14-06-2020 - Mateus 5.38-42 [840116581].opus,14-06-2020 - Mateus 5.38-42.txt,Reverendo Bruno Melo,41:49,840116581,79,2509.531,1592159921,14-06-2020-mateus-538-42,6RVs34N92o9nR0je9gtPt4,2020-06-14,6401,424,1.026634382566586,153.04054821398898,10.137352357870853,81.1
23-08-2020 - Mateus 6.13a,True,True,True,,23-08-2020 - Mateus 6.13a [880910485].opus,23-08-2020 - Mateus 6.13a.txt,Reverendo Bruno Melo,43:28,880910485,82,2608.823,1598230218,23-08-2020-mateus-613a,0dIgZx27kE3Uns8moFgKVx,2020-08-23,6655,412,1.0198019801980198,153.05752824166302,9.475537435847508,81.1
29-11-2020 - EBD - Levítico 1-15,True,True,True,"Série ""Do caos a glória: um panorama de Gênesis à Apocalipse"" por Rev. Bruno Melo.",29-11-2020 - EBD - Levítico 1-15 [941024383].opus,29-11-2020 - EBD - Levítico 1-15.txt,Reverendo Bruno Melo,1:05:23,941024383,71,3923.931,1607039535,29-11-2020-ebd-levitico-1-15,761oJUaj44I6gVjLigqoVQ,2020-11-29,10020,767,1.0281501340482573,153.21370329906415,11.728034973092035,81.1
25-08-2024 - EBD - CFW 6 - Da queda do homem do pecado e do seu castigo,True,True,True,,25-08-2024 - EBD - CFW 6 - Da queda do homem do pecado e do seu castigo [1926048176].opus,25-08-2024 - EBD - CFW 6 - Da queda do homem do pecado e do seu castigo.txt,,58:49,1926048176,17,3529.874,1727660351,25-08-2024-ebd-cfw-60-da-queda-do-homem-do-pecado-e-do-seu-castigo,7kJmrLIsqc6feUtdDSAQVd,2024-08-25,8026,597,1.0153061224489797,136.42413298604993,10.14767099335557,81.2
01-10-2023 - EBD - Atos 9.1-19,True,True,True,Atos 9.1-19 por Presbítero Humberto Elias,01-10-2023 - EBD - Atos 9.1-19 [1630211508].opus,01-10-2023 - EBD - Atos 9.1-19.txt,Presbítero Humberto Elias,58:50,1630211508,56,3530.266,1696209970,01-10-2023-ebd-atos-91-19,6NMojlQYMNBjFsjawEZLuv,2023-10-01,8420,498,1.0618336886993602,143.10536373179812,8.463951441619413,81.2
03-03-2024 - Filipenses 1.6,True,True,True,Filipenses 1.6 por Presbítero César Miranda,03-03-2024 - Filipenses 1.6 [1770787788].opus,03-03-2024 - Filipenses 1.6.txt,Presbítero César Miranda,45:21,1770787788,53,2721.384,1710091893,03-03-2024-filipenses-16,5o3KSh1c8LQwRmbzgudQKv,2024-03-03,6496,476,1.039301310043668,143.22124330855183,10.494660070023194,81.2
31-05-2020 - Rute 1.6-22,True,True,True,,31-05-2020 - Rute 1.6-22 [840107491].opus,31-05-2020 - Rute 1.6-22.txt,Presbítero João Marcus,42:13,840107491,75,2533.068,1592158820,31-05-2020-rute-16-22,33Reg6TAnGbBHZSEmwjhjl,2020-05-31,6857,446,1.0420560747663552,162.4196428994405,10.564264362425327,81.2
"12 -09-2021 - EBD - Presbíteros, Bispos e Pastores - Aula 4",True,True,True,"Aula 4 - Presbíteros, Bispos e Pastores por Pastor Bruno Melo","12 -09-2021 - EBD - Presbíteros, Bispos e Pastores - Aula 4 [1142769673].opus","12 -09-2021 - EBD - Presbíteros, Bispos e Pastores - Aula 4.txt",Reverendo Bruno Melo,1:04:08,1142769673,62,3848.124,1634378745,12-09-2021-ebd-presbiteros-bispos-e-pastores-aula-4,6XQRayl2Bza9KDvMOeiwvh,2021-09-12,8932,568,1.0441176470588236,139.2678614306608,8.856263467601357,81.3
27-11-2022 - EBD - O Livro dos Reis - 1 Rs  11,True,True,True,O Livro dos Reis por Pastor Bruno Melo,27-11-2022 - EBD - O Livro dos Reis - 1 Rs  11 [1410040672].opus,27-11-2022 - EBD - O Livro dos Reis - 1 Rs  11.txt,Reverendo Bruno Melo,1:05:17,1410040672,49,3917.375,1671994254,27-11-2022-ebd-o-livro-dos-reis-1-rs-11,6PKNthLcVciJ1pgw3GdhLJ,2022-11-27,9587,641,1.028892455858748,146.8381250199432,9.817798908708,81.3
03-04-2022 - EBD - 2 Samuel (4),True,True,True,"Série ""Do caos a glória: um panorama de Gênesis à Apocalipse"" por Pastor Bruno Melo",03-04-2022 - EBD - 2 Samuel (4) [1255833595].opus,03-04-2022 - EBD - 2 Samuel (4).txt,Reverendo Bruno Melo,1:03:00,1255833595,59,3780.624,1650762119,03042022-ebd-2-samuel-4,2wMkIpzgo5gdZIItFQ1VFT,2022-04-03,9295,625,1.0096930533117932,147.51533080253418,9.918997498825592,81.3
10-04-2022 - EBD - Igreja e Comunhão,True,True,True,Aula 1 - Igreja e Comunhão por Pastor Bruno Melo.,10-04-2022 - EBD - Igreja e Comunhão [1256014006].opus,10-04-2022 - EBD - Igreja e Comunhão.txt,Reverendo Bruno Melo,1:03:18,1256014006,80,3798.805,1650802203,10-04-2022-ebd-igreja-e-comunhao,2gwF6POmBFqybMCF3Bqef2,2022-04-10,9369,623,1.028052805280528,147.97811417011403,9.839936506348709,81.3
15-12-2019 - O Quarto Mandamento (2),True,True,True,,15-12-2019 - O Quarto Mandamento (2) [732123319].opus,15-12-2019 - O Quarto Mandamento (2).txt,Reverendo Bruno Melo,44:17,732123319,84,2657.698,1576978258,15-12-2019-o-quarto-mandamento-2,6KINTKmcrjRB3IXtckBY8v,2019-12-15,6722,485,1.0319148936170213,151.7553913198565,10.949325318377031,81.3
15-11-2020 - Igreja de Cristo no Antigo Testamento (4),True,True,True,II Conferência Peregrinos - Quarta palestra sobre a Igreja de Cristo no Antigo Testamento por Reverendo Paulo Brasil.,15-11-2020 - Igreja de Cristo no Antigo Testamento (4) [929785990].opus,15-11-2020 - Igreja de Cristo no Antigo Testamento (4).txt,Reverendo Paulo Brasil,59:19,929785990,87,3559.549,1605462944,15-11-2020-igreja-de-cristo-no-antigo-testamento-4,7LYksDI39dIcuWvkSbADY2,2020-11-15,6698,672,1.0151057401812689,112.90194347654716,11.327277697258838,81.4
30-01-2022 - EBD - Atributos de Deus - Onipresença,True,True,True,Série Atributos de Deus por Presbítero Humberto Elias,30-01-2022 - EBD - Atributos de Deus - Onipresença [1210550542].opus,30-01-2022 - EBD - Atributos de Deus - Onipresença.txt,Presbítero Humberto Elias,53:01,1210550542,41,3181.897,1644100269,30-01-2022-ebd-atributos-de-deus-onipresenca,6GvJjAS2z0qS8Yl2TQwK78,2022-01-30,7093,486,1.0406852248394005,133.75040109720712,9.164344414668356,81.4
"05-03-2023 - Efésios 2.6,7 - O teatro da graça de Deus",True,True,True,"Efésios 2.6,7 por Pastor Bruno Melo","05-03-2023 - Efésios 2.6,7 - O teatro da graça de Deus [1466870110].opus","05-03-2023 - Efésios 2.6,7 - O teatro da graça de Deus.txt",Reverendo Bruno Melo,48:17,1466870110,65,2897.816,1678571195,05-03-2023-efesios-267-o-teatro-da-graca-de-deus,0eAn8MhNhtDMRu6iOPHBLq,2023-03-05,6461,421,1.0169082125603865,133.7766096950255,8.716909562235836,81.4
27-10-2024 - EBD - CFW 8 - Cristo o Mediador - Parte II,True,True,True,CFW 8 - Cristo o Mediador - Parte II por Presbítero César Miranda,27-10-2024 - EBD - CFW 8 - Cristo o Mediador - Parte II [1971239723].opus,27-10-2024 - EBD - CFW 8 - Cristo o Mediador - Parte II.txt,Presbítero César Miranda,58:30,1971239723,8,3510.126,1733078749,27-10-2024-ebd-cfw-8-cristo-o-mediador-parte-ii,3cGLMnzLKaHnwWBqIZDJSM,2024-10-27,8033,561,1.0604914933837428,137.31131019228368,9.589399354894951,81.4
20-12-2020 - Rute 2,True,True,True,Rute 2 por Presbítero  João Marcus,20-12-2020 - Rute 2 [958247782].opus,20-12-2020 - Rute 2.txt,Presbítero João Marcus,35:55,958247782,79,2155.128,1609615740,20-12-2020-rute-2,4ex9A8UEWWL3190yE2u7p1,2020-12-20,5047,371,1.0248618784530388,140.51137565842956,10.328852856999676,81.4
10-01-2021 - EBD - Deuteronômio 27-34,True,True,True,"Série ""Do caos a glória: um panorama de Gênesis à Apocalipse"" por Rev. Bruno Melo.",10-01-2021 - EBD - Deuteronômio 27-34 [966275953].opus,10-01-2021 - EBD - Deuteronômio 27-34.txt,Reverendo Bruno Melo,58:03,966275953,54,3483.69,1610730922,10-01-2021-ebd-deuteronomio-27-34,6ppXpqI00tzAeXzACPWGi2,2021-01-10,8931,551,1.0616570327552985,153.81965674328083,9.489937393970186,81.4
07-02-2021 - Eclesiastes 1.1-11,True,True,True,Eclesiastes 1.1-11 por Rev. Lucas Antunes,07-02-2021 - Eclesiastes 1.1-11 [990918763].opus,07-02-2021 - Eclesiastes 1.1-11.txt,Pastor Lucas Antunes,37:53,990918763,78,2273.907,1614038982,07-02-2021-eclesiastes-11-11,2QaMsrqRq9pttVJ09pAaUn,2021-02-07,4536,355,1.0410557184750733,119.68827221166036,9.367137706159486,81.5
17-07-2022 - 1 Timóteo 1.1-4,True,True,True,1 Timóteo 1.1-4 por Presbítero Lucas Gibram,17-07-2022 - 1 Timóteo 1.1-4 [1310651968].opus,17-07-2022 - 1 Timóteo 1.1-4.txt,Presbítero Lucas Gibram,1:01:36,1310651968,74,3696.431,1658617425,17-07-2022-1-timoteo-11-4,3WGEmvLicntK57TSlqXCyV,2022-07-17,8144,399,1.1022099447513811,132.1923769170857,6.47651748402716,81.5
08-09-2024 - Apocalipse 2.12-17 - ...tens também os que retém a doutrina dos nicolaítas...,True,True,True,Apocalipse 2.12-17 por Presbítero Humberto Elias,08-09-2024 - Apocalipse 2.12-17 - ...tens também os que retém a doutrina dos nicolaítas... [1929128333].opus,08-09-2024 - Apocalipse 2.12-17 - ...tens também os que retém a doutrina dos nicolaítas.txt,Presbítero Humberto Elias,54:48,1929128333,15,3288.999,1728086578,08-09-2024-apocalipse-212-17-tens-tambem-os-que-retem-a-doutrina-dos-nicolaitas,3ZFh1Xfqg37F4WfoZHLC92,2024-09-08,7334,423,1.070886075949367,133.79146664380258,7.716633541086513,81.5
23-02-2020 - Mateus 5.7,True,True,True,,23-02-2020 - Mateus 5.7 [768776035].opus,23-02-2020 - Mateus 5.7.txt,Reverendo Bruno Melo,42:47,768776035,82,2567.654,1583027638,23-02-2020-mateus-57,11dQDNcs5tu8Zs52DQx1VL,2020-02-23,5891,424,1.0392156862745099,137.65873439334118,9.907876995888076,81.5
12-11-2023 - EBD - Atos 10.10.23-48,True,True,True,Atos 10.10.23-48 por Presbítero Humberto Elias,12-11-2023 - EBD - Atos 10.10.23-48 [1674378069].opus,12-11-2023 - EBD - Atos 10.10.23-48.txt,Presbítero Humberto Elias,1:01:19,1674378069,38,3679.765,1700923841,12-11-2023-ebd-atos-101023-48,6G5mR7KetRZITCifVcttjo,2023-11-12,8824,520,1.0810810810810811,143.87875312689806,8.478802314821735,81.5
18-04-2021 - Eclesiastes 1.12-18,True,True,True,Eclesiastes 1.12-18 por Pastor Lucas Antunes,18-04-2021 - Eclesiastes 1.12-18 [1043458225].opus,18-04-2021 - Eclesiastes 1.12-18.txt,Pastor Lucas Antunes,35:32,1043458225,66,2132.767,1620261819,18-04-2021-eclesiastes-112-18,6GOmXd4nWdkB5BCSPhFIqF,2021-04-18,4359,334,1.0214067278287462,122.62942928130454,9.39624440925802,81.6
12-05-2024 - EBD - CFW 1 -  Da Sagradas Escrituras,True,True,True,CFW - Capítulo 1 -  Da Sagaradas Escrituras por Presbítero César Miranda,12-05-2024 - EBD - CFW 1 -  Da Sagradas Escrituras [1820311581].opus,12-05-2024 - EBD - CFW 1 -  Da Sagradas Escrituras.txt,Presbítero César Miranda,58:39,1820311581,30,3519.765,1715542468,12-05-2024-ebd-cfw-capitulo-1-da-sagaradas-escrituras,1rTzw9i4tiReh2UdPh8X7e,2024-05-12,7628,566,1.038532110091743,130.03140834686408,9.648371411159552,81.6
19-01-2020 - As bases bíblicas da educação cristã (2),True,True,True,,19-01-2020 - As bases bíblicas da educação cristã (2) [768713350].opus,19-01-2020 - As bases bíblicas da educação cristã (2).txt,Presbítero Humberto Elias,56:21,768713350,78,3381.029,1583016510,19-02-2020-as-bases-biblicas-da-educacao-crista-2,4uTZIZaBKR8rTNEOrmiHtb,2020-01-19,8039,614,1.0182421227197347,142.6607106889648,10.896091101259408,81.6
24-05-2020 - Mateus 5.31-32,True,True,True,,24-05-2020 - Mateus 5.31-32 [840100750].opus,24-05-2020 - Mateus 5.31-32.txt,Reverendo Bruno Melo,42:53,840100750,67,2573.897,1592157924,24-05-2020-mateus-531-32,4ZYkunAoMMIkMCWKmHW162,2020-05-24,6161,378,1.0384615384615385,143.6188005969159,8.811541409776693,81.6
06-10-2024 - EBD - CFW 5 - Da providência - Parte III,True,True,True,CFW 5 - Da providência - Parte III por Pastor Bruno Melo,06-10-2024 - EBD - CFW 5 - Da providência - Parte III [1938323714].opus,06-10-2024 - EBD - CFW 5 - Da providência - Parte III.txt,Reverendo Bruno Melo,1:03:06,1938323714,18,3786.005,1729449003,cfw-5-da-providencia-parte-iii,3HzEBjkPyIdsI9rkdsWD4K,2024-10-06,9191,608,1.0393162393162394,145.65749384905723,9.635486482453139,81.6
"22-10-2023 - Romanos 12.1,2",True,True,True,"Romanos 12.1,2 por Pastor Ricardo Toniolo","22-10-2023 - Romanos 12.1,2 [1654579647].opus","22-10-2023 - Romanos 12.1,2.txt",Pastor Ricardo Toniolo,46:27,1654579647,58,2787.944,1698885873,22-10-2023-romanos-1212,5eG4Dr6hjPq3J0vo7xkbrr,2023-10-22,5341,448,1.0346420323325636,114.9449199840456,9.641513602855724,81.7
12-12-2021 - EBD - Atribututos de Deus - Espiritualidade,True,True,True,12-12-2021 - EBD - Atribututos de Deus - Espiritualidade por Presbítero Humberto Elias,12-12-2021 - EBD - Atribututos de Deus - Espiritualidade [1179289150].opus,12-12-2021 - EBD - Atribututos de Deus - Espiritualidade.txt,Presbítero Humberto Elias,59:43,1179289150,44,3583.007,1639695339,12-12-2021-ebd-atribututos-de-deus-espiritualidade,1rG3u43cZf6VaNmnzJen19,2021-12-12,7815,589,1.0207972270363952,130.86773204741158,9.863223822895128,81.7
08-05-2022 - EBD - 2 Samuel (5),True,True,True,"Série ""Do caos a glória: um panorama de Gênesis à Apocalipse"" por Pastor Bruno Melo",08-05-2022 - EBD - 2 Samuel (5) [1268985496].opus,08-05-2022 - EBD - 2 Samuel (5).txt,Reverendo Bruno Melo,1:03:24,1268985496,45,3804.656,1652659036,08-05-2022-ebd-2-samuel-5,0nXSeAU4vExo52gedMIkf0,2022-05-08,8965,656,1.02660406885759,141.37940460320198,10.345219120992805,81.7
03-09-2023 - EBD - Atos 8.5-24,True,True,True,Atos 8.5-24 por Presbítero Humberto Elias,03-09-2023 - EBD - Atos 8.5-24 [1612548963].opus,03-09-2023 - EBD - Atos 8.5-24.txt,Presbítero Humberto Elias,58:47,1612548963,34,3527.262,1694302197,03-09-2023-ebd-atos-85-24,6PCR5pgMGBpvCfqVMdJJeZ,2023-09-03,8390,506,1.1,142.71692888138165,8.607242671511218,81.7
26-07-2020 - 1 João 4.7-12,True,True,True,,26-07-2020 - 1 João 4.7-12 [864921700].opus,26-07-2020 - 1 João 4.7-12.txt,Presbítero Éder Júnior,42:26,864921700,80,2546.39,1595783225,26-07-2020-1-joao-47-12,7zpH4qqYRCl4UbtihD103K,2020-07-26,6235,397,1.028497409326425,146.913866296993,9.354419393729946,81.7
05-07-2020 - Mateus 6.5-8,True,True,True,,05-07-2020 - Mateus 6.5-8 [852570235].opus,05-07-2020 - Mateus 6.5-8.txt,Reverendo Bruno Melo,42:07,852570235,80,2527.608,1593962768,05-07-2020-mateus-65-8,0PBVuxFmPJkwDxWqxoKFfc,2020-07-05,6250,433,1.0116822429906542,148.36161303493262,10.278492551060133,81.7
"23-06-2024 - 1 Pedro 5.6,7 - Lançando nosso fardo sobre o Senhor",True,True,True,"1 Pedro 5.6,7 por Pr. Fillipe Mendes Cotta","23-06-2024 - 1 Pedro 5.6,7 - Lançando nosso fardo sobre o Senhor [1855465287].opus","23-06-2024 - 1 Pedro 5.6,7 - Lançando nosso fardo sobre o Senhor.txt",Pastor Fillipe Mendes Cotta,41:04,1855465287,42,2464.026,1719195644,23-06-2024-1-pedro-567-lancando-nosso-fardo-sobre-o-senhor,7xBUsx6ImUzFZcCrq8HOHo,2024-06-23,6100,425,1.0467980295566504,148.53739368009917,10.348916772793794,81.7
06-09-2020 - Mateus 6.16-18,True,True,True,,06-09-2020 - Mateus 6.16-18 [888836137].opus,06-09-2020 - Mateus 6.16-18.txt,Reverendo Bruno Melo,39:19,888836137,70,2359.353,1599420819,06-09-2020-mateus-616-18,5KHSvMaJJxpGY7FWhOgbZK,2020-09-06,6056,404,1.0049751243781095,154.00832346834068,10.274003084743995,81.7
08-01-2023 - Efésios 1.15-17 - Pleno Conhecimento de Deus,True,True,True,Efésios 1.15-17 por Pastor Bruno Melo,08-01-2023 - Efésios 1.15-17 - Pleno Conhecimento de Deus [1432458379].opus,08-01-2023 - Efésios 1.15-17 - Pleno Conhecimento de Deus.txt,Reverendo Bruno Melo,50:47,1432458379,57,3047.811,1674686998,08-01-2023-efesios-115-17-pleno-conhecimento-de-deus,2dY3xgVwUcZtII1RSC0MgN,2023-01-08,6804,423,1.0317073170731708,133.9453135381426,8.327288010969184,81.8
24-04-2022 -  EBD - Atribututos de Deus - Bondade,True,True,True,Série Atributos de Deus por Presbítero Humberto Elias,24-04-2022 -  EBD - Atribututos de Deus - Bondade [1268800444].opus,24-04-2022 -  EBD - Atribututos de Deus - Bondade.txt,Presbítero Humberto Elias,59:11,1268800444,44,3551.242,1652632947,24-04-2022-ebd-atribututos-de-deus-bondade,4zSoACIHdEGgTOZMwTAWkW,2022-04-24,8168,492,1.0765864332603938,138.00242281432804,8.312584723879702,81.8
14-07-2024 - EBD - CFW 3 - Do Eterno Decreto de Deus - Gênesis 25,True,True,True,CFW 3 - Do Eterno Decreto de Deus - Gênesis 25 por Pastor Bruno Melo,14-07-2024 - EBD - CFW 3 - Do Eterno Decreto de Deus - Gênesis 25 [1876853475].opus,14-07-2024 - EBD - CFW 3 - Do Eterno Decreto de Deus - Gênesis 25.txt,Reverendo Bruno Melo,1:07:43,1876853475,20,4063.242,1721517347,14-07-2024-ebd-cfw-3-do-eterno-decreto-de-deus-genesis-25,09yTIpjpNc4nCgRxfbZFb1,2024-07-14,9558,709,1.0245664739884393,141.13852928277467,10.469472406516765,81.8
17-10-2021 - Gênesis 21.8-21,True,True,True,Gênesis21.8-21 por Pastor Bruno Melo,17-10-2021 - Gênesis 21.8-21 [1164192160].opus,17-10-2021 - Gênesis 21.8-21.txt,Reverendo Bruno Melo,44:27,1164192160,59,2667.677,1637518037,17-10-2021-genesis-218-21,71o9GZrCzPRrD4tAmuGpBR,2021-10-17,6277,404,1.015075376884422,141.17901080228228,9.086557330591372,81.8
04-12-2022 - EBD - O Livro dos Reis - 1 Rs 12.1-24,True,True,True,O Livro dos Reis por Pastor Bruno Melo,04-12-2022 - EBD - O Livro dos Reis - 1 Rs 12.1-24 [1410046036].opus,04-12-2022 - EBD - O Livro dos Reis - 1 Rs 12.1-24.txt,Reverendo Bruno Melo,1:04:44,1410046036,53,3884.147,1671995283,04-12-2022-ebd-o-livro-dos-reis-1-rs-121-24,66sU7iA1KtxP3n7H6mcIlj,2022-12-04,9237,629,1.0261011419249593,142.6876995129175,9.716419074767254,81.8
02-05-2021 - Gênesis 11.10-30,True,True,True,Gênesis 11.10-30 por Pastor Bruno Melo.,02-05-2021 - Gênesis 11.10-30 [1043493988].opus,02-05-2021 - Gênesis 11.10-30.txt,Reverendo Bruno Melo,38:06,1043493988,82,2286.184,1620267661,02-05-2021-genesis-1110-30,53qMqabZHk2mEmNro63MJi,2021-05-02,5494,312,1.0469798657718121,144.18786939283976,8.188317300794687,81.8
12-02-2023 - EBD - O Livro dos Reis - 1 Rs 17.2-16,True,True,True,O Livro dos Reis por Pastor Bruno Melo,12-02-2023 - EBD - O Livro dos Reis - 1 Rs 17.2-16 [1453491166].opus,12-02-2023 - EBD - O Livro dos Reis - 1 Rs 17.2-16.txt,Reverendo Bruno Melo,1:01:17,1453491166,47,3677.153,1677108228,12-02-2023-ebd-o-livro-dos-reis-1-rs-172-16,1IisJnG18uie4gbQv3LtR0,2023-02-12,8805,615,1.0165289256198347,143.67093237621606,10.034937355067902,81.9
31-01-2021 - Gênesis 3,True,True,True,Gênesis 3 por Rev. Bruno Melo.,31-01-2021 - Gênesis 3 [990905998].opus,31-01-2021 - Gênesis 3.txt,Reverendo Bruno Melo,44:51,990905998,120,2691.944,1614037272,31-01-2021-genesis-3,2DJvxehZFR1kvDalbXZERN,2021-01-31,6623,410,1.0275689223057645,147.61822682789835,9.138377321370728,81.9
19-03-2023 - Rute 3,True,True,True,Rute 3 por Presbítero João Marccus,19-03-2023 - Rute 3 [1488261289].opus,19-03-2023 - Rute 3.txt,Presbítero João Marcus,39:30,1488261289,69,2370.952,1680991354,19-03-2023-rute-3,7q9ozhxfNEXDkXkRhTT2nz,2023-03-19,5874,397,1.0447368421052632,148.64915021476605,10.046597316183542,81.9
18-08-2024 - EBD - CFW 4 - Da Criação - Gênesis 2.4-17,True,True,True,CFW 4 - Da Criação - Gênesis 2.4-17 por Pastor Bruno Melo,18-08-2024 - EBD - CFW 4 - Da Criação - Gênesis 2.4-17 [1903803476].opus,18-08-2024 - EBD - CFW 4 - Da Criação - Gênesis 2.4-17.txt,Reverendo Bruno Melo,56:57,1903803476,34,3417.809,1724605393,18-08-2024-ebd-cfw-4-da-criacao-genesis-24-17,55Lp1KBvND8BUzmQx9nxPv,2024-08-18,8348,472,1.1053864168618266,146.55002663987366,8.286010131051793,82.0
21-02-2021 - Gênesis 4,True,True,True,Gênesis 4 por Reverendo Bruno Melo.,21-02-2021 - Gênesis 4 [999724843].opus,21-02-2021 - Gênesis 4.txt,Reverendo Bruno Melo,44:57,999724843,80,2697.169,1615027328,21-02-2021-genesis-4,2Dr4v0MbRbjYsKPW6wtQK2,2021-02-21,6674,413,1.0248138957816377,148.46678128066876,9.187410948294305,82.0
10-05-2020 - Mateus 5.21-26,True,True,True,,10-05-2020 - Mateus 5.21-26 [840095968].opus,10-05-2020 - Mateus 5.21-26.txt,Reverendo Bruno Melo,44:18,840095968,70,2658.769,1592157265,10-05-2020-mateus-521-26,7eONEeLJBxX2DHuRwx33vT,2020-05-10,6590,432,1.0409638554216867,148.71543936310377,9.748872504531233,82.0
27-03-2022 - EBD - 2 Samuel (3),True,True,True,"Série ""Do caos a glória: um panorama de Gênesis à Apocalipse"" por Pastor Bruno Melo",27-03-2022 - EBD - 2 Samuel (3) [1243343836].opus,27-03-2022 - EBD - 2 Samuel (3).txt,Reverendo Bruno Melo,1:02:47,1243343836,52,3767.562,1648943576,27-03-2022-ebd-2-samuel-3,2ATqmA472wNWSVlaVyvwFO,2022-03-27,9391,655,1.0396825396825398,149.55560120842074,10.43114884373502,82.0
08-11-2020 - Mateus 7.12,True,True,True,Mateus 7.12 por Rev. Bruno Melo.,08-11-2020 - Mateus 7.12 [926336647].opus,08-11-2020 - Mateus 7.12.txt,Reverendo Bruno Melo,40:56,926336647,76,2456.633,1604966573,08-11-2020-mateus-712,4DIFhZVd876YPBwEHPMc9O,2020-11-08,6305,399,1.0178571428571428,153.99125551109995,9.745045352724643,82.0
02-02-2020 - Gênesis 1.26,True,True,True,,02-02-2020 - Gênesis 1.26 [768756274].opus,02-02-2020 - Gênesis 1.26.txt,Pastor Douglas Lima,36:28,768756274,80,2188.852,1583023759,02-02-2020-genesis-126,5zTFnjBWUIdV1hDxemTRI0,2020-02-02,4151,402,1.0229007633587786,113.7856739514595,11.019475049021132,82.1
29-12-2019 - Mateus 5.1-2,True,True,True,,29-12-2019 - Mateus 5.1-2 [745716154].opus,29-12-2019 - Mateus 5.1-2.txt,Reverendo Bruno Melo,44:58,745716154,77,2698.998,1579394071,29-12-2019-mateus-51-2,4HPW02z3UIGzU2WtBdHr27,2019-12-29,6097,438,1.0186046511627906,135.5391889879133,9.736946822487457,82.1
"23-10-2022 - Gênesis 49.29-50.14;50.22-26 - ""Eu morro, porém certamente Deus vos visitará""",True,True,True,Gênesis 49.29-50.14;50.22-26 por Pastor Bruno Melo,"23-10-2022 - Gênesis 49.29-50.14;50.22-26 - ＂Eu morro, porém certamente Deus vos visitará＂ [1374591088].opus","23-10-2022 - Gênesis 49.29-50.14;50.22-26 - -Eu morro, porém certamente Deus vos visitará-.txt",Reverendo Bruno Melo,50:34,1374591088,53,3034.984,1667346011,23-10-2022-genesis-4929-50145022-26-eu-morro-porem-certamente-deus-vos-visitara,2Jcph7joTeFM7kkKgS100Q,2022-10-23,6937,432,1.0212765957446808,137.1407559314975,8.54040746178563,82.1
22-05-2022 - Gênesis 37.2-36,True,True,True,Gênesis 37.2-36 por Pastor Bruno Melo,22-05-2022 - Gênesis 37.2-36 [1281224695].opus,22-05-2022 - Gênesis 37.2-36.txt,Reverendo Bruno Melo,46:32,1281224695,51,2792.02,1654388350,22-05-2022-genesis-372-36,7uIarrbypYNuUoSQTlqukV,2022-05-22,6526,437,1.0306603773584906,140.2425484058137,9.391050207376738,82.1
26-12-2021 - Gênesis 27.1-40,True,True,True,Gênesis 27.1-40 por Pastor Bruno Melo,26-12-2021 - Gênesis 27.1-40 [1186303681].opus,26-12-2021 - Gênesis 27.1-40.txt,Reverendo Bruno Melo,49:17,1186303681,59,2957.401,1640718510,26-12-2021-genesis-271-40,7IRNKPU8cj7iJF7jtpIXfJ,2021-12-26,6937,449,1.0158371040723981,140.73843891984887,9.109349729712001,82.1
20-02-2022 - EBD - 2 Samuel,True,True,True,"Série ""Do caos a glória: um panorama de Gênesis à Apocalipse"" por Pastor Bruno Melo",20-02-2022 - EBD - 2 Samuel [1231774948].opus,20-02-2022 - EBD - 2 Samuel.txt,Reverendo Bruno Melo,50:01,1231774948,43,3001.809,1647219813,20-02-2022-ebd-2-samuel,4gvcPqvpW0aWtE7Bqxutzj,2022-02-20,7352,488,1.0041152263374487,146.95138831284734,9.754118266685188,82.1
10-01-2021 - Gênesis 1.26-2.3,True,True,True,Gênesis 1.26-2.3 por Rev. Bruno Melo.,10-01-2021 - Gênesis 1.26-2.3 [966276796].opus,10-01-2021 - Gênesis 1.26-2.3.txt,Reverendo Bruno Melo,42:06,966276796,85,2526.25,1610731029,10-01-2021-genesis126-23,6JXPeZYlxmqDJbHlJZrXCW,2021-01-10,6275,390,1.0483870967741935,149.03513112320636,9.2627412172192,82.1
15-08-2021 - Eclesiastes 2.18-26,True,True,True,Eclesiastes 2.18-26 por Pastor Lucas Antunes,15-08-2021 - Eclesiastes 2.18-26 [1115965372].opus,15-08-2021 - Eclesiastes 2.18-26.txt,Pastor Lucas Antunes,36:15,1115965372,63,2175.896,1630367100,15-08-2021-eclesiastes-218-26,6I51ntWcv1FV75QBzgRBA7,2021-08-15,4287,335,1.0501567398119123,118.21337049197203,9.237573854632757,82.2
15-05-2022 - Gênesis 36.1-37.2,True,True,True,Gênesis 36 por Pastor Bruno Melo,15-05-2022 - Gênesis 36.1-37.2 [1268993833].opus,15-05-2022 - Gênesis 36.1-37.2.txt,Reverendo Bruno Melo,47:36,1268993833,65,2856.542,1652660546,15-05-2022-genesis-36,5jQguvgVtvQ671Pc8AilcH,2022-05-15,6553,433,1.0408653846153846,137.64194610126512,9.094912660132426,82.2
05-12-2021 - Gênesis 25,True,True,True,05-12-2021 - Gênesis 25 por Pastor Bruno Melo,05-12-2021 - Gênesis 25 [1176593596].opus,05-12-2021 - Gênesis 25.txt,Reverendo Bruno Melo,48:11,1176593596,60,2891.468,1639329433,05122021-genesis-25,04oC9KMKabiyaNj9WI2qoK,2021-12-05,6811,498,1.0142566191446027,141.33305296825003,10.333851178709223,82.2
03-07-2022 - EBD - 2 Samuel (11),True,True,True,,03-07-2022 - EBD - 2 Samuel (11) [1310639365].opus,03-07-2022 - EBD - 2 Samuel (11).txt,Reverendo Bruno Melo,59:58,1310639365,43,3598.211,1658615172,03-07-2022-ebd-2-samuel-11,5VdWAvoFoiXoD6JvMDY7Je,2022-07-03,8572,560,1.037037037037037,142.9376987619681,9.337973787529414,82.2
14-01-2024 - EBD - Atos 16.1-15,True,True,True,Atos 16.1-15 por Pastor Bruno Melo,14-01-2024 - EBD - Atos 16.1-15 [1718569257].opus,14-01-2024 - EBD - Atos 16.1-15.txt,Reverendo Bruno Melo,1:05:18,1718569257,72,3918.184,1705367727,14-01-2024-ebd-atos-161-15,3WhNvtZe3W0WYalGNJ5ciu,2024-01-14,9604,635,1.032520325203252,147.06813156298938,9.72389249713643,82.2
07-03-2021 - Gênesis 6.1-8,True,True,True,Gênesis 6.1-8 por Reverendo Bruno Melo.,07-03-2021 - Gênesis 6.1-8 [1004426026].opus,07-03-2021 - Gênesis 6.1-8.txt,Reverendo Bruno Melo,44:01,1004426026,88,2641.371,1615418764,07-03-2021-genesis-61-8,5ANmF5y7vg3TdY2G5U1Vxm,2021-03-07,6617,407,1.032994923857868,150.30830580028328,9.245198800168549,82.2
03-01-2021 - Gênesis 1.1-25,True,True,True,Gênesis 1.1-25 por Rev. Bruno Melo.,03-01-2021 - Gênesis 1.1-25 [966275530].opus,03-01-2021 - Gênesis 1.1-25.txt,Reverendo Bruno Melo,46:09,966275530,81,2769.136,1610730871,03-01-2021-genesis-11-25,3bG0dNyznWw4ECBc4tCvso,2021-01-03,6976,445,1.0697115384615385,151.15183941850452,9.64199663721825,82.2
01-05-2022 - EBD - Atribututos de Deus - Amor,True,True,True,Série Atributos de Deus por Presbítero Humberto Elias,01-05-2022 - EBD - Atribututos de Deus - Amor [1268804893].opus,01-05-2022 - EBD - Atribututos de Deus - Amor.txt,Presbítero Humberto Elias,58:01,1268804893,43,3481.731,1652633516,01-05-2022-ebd-atribututos-de-deus-sabedoria,0JAfpzMPt37AIANtNhmusW,2022-05-01,7386,545,1.0341555977229602,127.28151600453911,9.391880073446224,82.3
02-10-2022 - EBD - O Livro dos Reis - 1 Rs 8 parte 1,True,True,True,O Livro dos Reis por Pastor Bruno Melo,02-10-2022 - EBD - O Livro dos Reis - 1 Rs 8 parte 1 [1355463550].opus,02-10-2022 - EBD - O Livro dos Reis - 1 Rs 8 parte 1.txt,Reverendo Bruno Melo,1:00:03,1355463550,55,3603.174,1664737987,02-10-2022-ebd-o-livro-dos-reis-1-rs-8-parte-1,2VOIKx40OQA1lkcIM5ow9G,2022-10-02,8519,598,1.018739352640545,141.85826163266054,9.957887129514145,82.3
10-07-2022 - EBD - 2 Samuel (12),True,True,True,,10-07-2022 - EBD - 2 Samuel (12) [1310644120].opus,10-07-2022 - EBD - 2 Samuel (12).txt,Reverendo Bruno Melo,1:03:54,1310644120,42,3834.044,1658615829,10-07-2022-ebd-2-samuel-12,2m8bXPOjYizwCppnpT1zuU,2022-07-10,9201,568,1.0383912248628884,143.98895787320126,8.888786878815162,82.3
11-08-2024 - EBD - CFW 4 - Da Criação - Gênesis 1.26-2.3,True,True,True,CFW 4 - Da Criação - Gênesis 1.26-2.3 por Pastor Bruno Melo,11-08-2024 - EBD - CFW 4 - Da Criação - Gênesis 1.26-2.3 [1903796558].opus,11-08-2024 - EBD - CFW 4 - Da Criação - Gênesis 1.26-2.3.txt,Reverendo Bruno Melo,1:02:41,1903796558,28,3761.972,1724604366,11-08-2024-ebd-cfw-4-da-criacao-genesis-126-23,3aipcA5hsKEkJssaioB2LY,2024-08-11,9034,705,1.02322206095791,144.08400700483682,11.244102826921624,82.3
25-10-2020 - Mateus 7.7-11,True,True,True,Mateus 7.7-11 por Rev. Bruno Melo.,25-10-2020 - Mateus 7.7-11 [918706501].opus,25-10-2020 - Mateus 7.7-11.txt,Reverendo Bruno Melo,38:42,918706501,77,2322.495,1603842107,25-10-2020-mateus-77-11,3GH1TnyECeTIdtWHyt4OkZ,2020-10-25,5622,326,1.0219435736677116,145.24035573811784,8.421977227076916,82.3
21-11-2021 - Gênesis 24,True,True,True,21-11-2021 - Gênesis 24 por Pastor Bruno Melo,21-11-2021 - Gênesis 24 [1176345286].opus,21-11-2021 - Gênesis 24.txt,Reverendo Bruno Melo,49:29,1176345286,54,2969.13,1639276862,21112021-genesis-24,2VVoMK3Pres8jCRfBIcvm8,2021-11-21,7299,503,1.0202839756592292,147.49775186670843,10.164593668852492,82.3
19-04-2020 - Mateus 5.10-12,True,True,True,,19-04-2020 - Mateus 5.10-12 [802462999].opus,19-04-2020 - Mateus 5.10-12.txt,Reverendo Bruno Melo,37:46,802462999,87,2266.776,1587324516,19-04-2020-mateus-510-12,65ldjDSvlIkyUoTmEfcMpk,2020-04-19,5075,317,1.0258899676375404,134.3317557623691,8.390771739245519,82.4
08-08-2021 - Gênesis 18.16-33,True,True,True,Gênesis 18.16-33 por Pastor Bruno Melo,08-08-2021 - Gênesis 18.16-33 [1115955271].opus,08-08-2021 - Gênesis 18.16-33.txt,Reverendo Bruno Melo,44:34,1115955271,52,2674.573,1630365766,08-08-2021-genesis-1816-33,2Mh7MawZvlsna3Naz7N7ru,2021-08-08,6117,415,1.0072815533980584,137.22564312135057,9.309897318188735,82.4
07/11/2021 - Gênesis 22.20-24 e 23,True,True,True,Gênesis 22.20-24 e 23 por Pastor Bruno Melo,07⧸11⧸2021 - Gênesis 22.20-24 e 23 [1176326599].opus,07-11-2021 - Gênesis 22.20-24 e 23.txt,Reverendo Bruno Melo,46:14,1176326599,44,2774.021,1639273341,07112021-genesis-2220-24-e-23,2yp8C5sHgE4JmWyBsdmsmm,2021-11-07,6478,419,1.0120772946859904,140.11429617872395,9.062656699426572,82.4
31-07-2022 - EBD - O Livro dos Reis - 1 Rs 3 e 4,True,True,True,O Livro dos Reis por Pastor Bruno Melo,31-07-2022 - EBD - O Livro dos Reis - 1 Rs 3 e 4 [1324606105].opus,31-07-2022 - EBD - O Livro dos Reis - 1 Rs 3 e 4.txt,Reverendo Bruno Melo,1:03:05,1324606105,38,3785.927,1660580586,31-07-2022-ebd-o-livro-dos-reis-1-rs-3-e-4,1N0kq4oItWRY6ErKAnc782,2022-07-31,8879,563,1.0582706766917294,140.7158669461931,8.922517523449342,82.4
09-04-2023 - EBD - Igreja e Comunhão (2),True,True,True,Aula 2 - Igreja e Comunhão por Pastor Bruno Melo.,09-04-2023 - EBD - Igreja e Comunhão (2) [1517268160].opus,09-04-2023 - EBD - Igreja e Comunhão (2).txt,Reverendo Bruno Melo,55:09,1517268160,42,3309.035,1684454432,09-04-2023-ebd-igreja-e-comunhao-2,3IzuN0ciMY5QclbxwxCIRW,2023-04-09,7806,509,1.0282828282828282,141.53975403705311,9.229276813330776,82.4
28-02-2021 - Gênesis 5,True,True,True,Gênesis 5 por Reverendo Bruno Melo.,28-02-2021 - Gênesis 5 [1004402791].opus,28-02-2021 - Gênesis 5.txt,Reverendo Bruno Melo,43:37,1004402791,54,2617.391,1615415788,28-02-2021-genesis-5,4LmS4n6pt9A68C4F2SyJmj,2021-02-28,6306,406,1.0357142857142858,144.55616298825814,9.30697782639277,82.4
15-09-2024 - Salmos 63.1-3,True,True,True,Salmos 63.1-3 por Pr. Lucas Antunes,15-09-2024 - Salmos 63.1-3 [1929134126].opus,15-09-2024 - Salmos 63.1-3.txt,Pastor Lucas Antunes,56:29,1929134126,18,3389.544,1728087872,15-09-2024-salmos-631-3,0Bqa2zisfY2PPVuAyYkO6S,2024-09-15,6303,493,1.0378947368421052,111.57253011024493,8.726837592313302,82.5
21-11-2021  - EBD - Atributos de Deus - Auto existência,True,True,True,21-11-2021 - EBD - Atributos de Deus - Auto existência por Humberto Elias,21-11-2021  - EBD - Atributos de Deus - Auto existência [1176335227].opus,21-11-2021  - EBD - Atributos de Deus - Auto existência.txt,Presbítero Humberto Elias,1:05:45,1176335227,54,3945.509,1639274792,21112021-ebd-atributos-de-deus-auto-existencia,6ENVQruJ4jhE344qRJskxb,2021-11-21,8601,703,1.0218023255813953,130.79681227441125,10.690635859657144,82.5
18-07-2021 - Gênesis 17.9-27,True,True,True,Gênesis 17.9-27 por Pastor Bruno Melo,18-07-2021 - Gênesis 17.9-27 [1097144929].opus,18-07-2021 - Gênesis 17.9-27.txt,Reverendo Bruno Melo,41:00,1097144929,59,2460.343,1627661425,18-07-2021-genesis-179-27,2jAZGQCATTPacpl2Tms2ke,2021-07-18,5660,323,1.0487012987012987,138.02953490631185,7.876950490236524,82.5
12-12-2021 - Gênesis 26,True,True,True,Gênesis 26 por Pastor Bruno Melo,12-12-2021 - Gênesis 26 [1179289414].opus,12-12-2021 - Gênesis 26.txt,Reverendo Bruno Melo,46:47,1179289414,55,2807.014,1639695377,12-12-2021-genesis-26,37zJmmbQs3kzYISSkzcfB2,2021-12-12,6503,451,1.0089485458612975,139.00180048977313,9.640137170673178,82.5
12-09-2021 - Gênesis 20,True,True,True,Gênesis 20 por Pastor Bruno Melo,12-09-2021 - Gênesis 20 [1142770771].opus,12-09-2021 - Gênesis 20.txt,Reverendo Bruno Melo,42:03,1142770771,62,2523.873,1634379074,12-09-2021-genesis-20,3eE7pbpWZvcmeTHckSfJ1m,2021-09-12,5890,363,1.0225352112676056,140.02289338647387,8.629594278317489,82.5
05-02-2023 - EBD - O Livro dos Reis - 1 Rs 16.29-17.1,True,True,True,O Livro dos Reis por Pastor Bruno Melo,05-02-2023 - EBD - O Livro dos Reis - 1 Rs 16.29-17.1 [1453478590].opus,05-02-2023 - EBD - O Livro dos Reis - 1 Rs 16.29-17.1.txt,Reverendo Bruno Melo,46:38,1453478590,42,2798.655,1677106692,05-02-2023-ebd-o-livro-dos-reis-1-rs-1629-171,1M8ABugzGMwFbJhu1nyoj2,2023-02-05,6650,428,1.0726817042606516,142.56848378953458,9.175836249912903,82.5
"30-06-2024 - EBD - CFW 3 - Do Eterno Decreto de Deus Parte II - O ""problema"" do mal",True,True,True,"CFW 3 - Do Eterno Decreto de Deus Parte II - O ""problema"" do mal por Pastor Bruno Melo",30-06-2024 - EBD - CFW 3 - Do Eterno Decreto de Deus Parte II - O ＂problema＂ do mal [1861343481].opus,30-06-2024 - EBD - CFW 3 - Do Eterno Decreto de Deus Parte II - O -problema- do mal.txt,Reverendo Bruno Melo,1:04:22,1861343481,44,3862.413,1719968496,30-06-2024-ebd-cfw-3-do-eterno-decreto-de-deus-parte-ii-o-problema-do-mal,7b5Qoz8cXZIjtRfx8EWSWq,2024-06-30,9201,623,1.021311475409836,142.93137476494618,9.677887890290345,82.5
28-07-2024 - EBD - CFW 4 - Da Criação - Gênesis 1.1-25,True,True,True,CFW 4 - Da Criação - Gênesis 1.1-25 por Pastor Bruno Melo,28-07-2024 - EBD - CFW 4 - Da Criação - Gênesis 1.1-25 [1887929094].opus,28-07-2024 - EBD - CFW 4 - Da Criação - Gênesis 1.1-25.txt,Reverendo Bruno Melo,1:03:48,1887929094,22,3828.376,1722654501,28-07-2024-ebd-cfw-4-da-criacao-genesis-11-25,0KLoHv6suvQH4c0PIwSIpc,2024-07-28,9254,622,1.0471380471380471,145.03277629992454,9.748258791717427,82.5
21-03-2021 - Gênesis 7 e 8,True,True,True,Gênesis 7 e 8 por Reverendo Bruno Melo.,21-03-2021 - Gênesis 7 e 8 [1013704708].opus,21-03-2021 - Gênesis 7 e 8.txt,Reverendo Bruno Melo,45:06,1013704708,76,2706.913,1616445191,21-03-2021-genesis-7-e-8,6bwwDaoBWLFtfwMydqqpnk,2021-03-21,6771,460,1.010989010989011,150.08240013624376,10.196116387929719,82.5
02-08-2020 - Mateus 6.10b,True,True,True,,02-08-2020 - Mateus 6.10b [868987384].opus,02-08-2020 - Mateus 6.10b.txt,Reverendo Bruno Melo,46:51,868987384,75,2811.193,1596392431,02-08-2020-mateus-610b,3JEmFtYQCf9fZQYRpaRZzH,2020-08-02,7225,483,1.0254777070063694,154.2049941074839,10.30879060953837,82.5
13-09-2020 - Colossenses 1.13-23,True,True,True,,13-09-2020 - Colossenses 1.13-23 [892662463].opus,13-09-2020 - Colossenses 1.13-23.txt,Pastor Lucas Antunes,40:21,892662463,65,2421.107,1600021550,13-09-2020-colossenses-113-23,056rCspswdAtQGy9IxWdS9,2020-09-13,4624,356,1.0379008746355685,114.59220926625714,8.822410574997306,82.6
20-10-2023 - V Conferência Peregrinos - Introdução às alianças,True,True,True,V Conferência Peregrinos - A doutrina do pacto - Por Reverendo Ricardo Toniolo,20-10-2023 - V Conferência Peregrinos - Introdução às alianças [1645802787].opus,20-10-2023 - V Conferência Peregrinos - Introdução às alianças.txt,Pastor Ricardo Toniolo,1:16:01,1645802787,56,4561.946,1697857851,20-10-2023-v-conferencia-peregrinos-a-doutrina-do-pacto,56CVGNunKkxtE4WBdtkr9C,2023-10-20,9084,778,1.0077720207253886,119.47532916873632,10.232475351527617,82.6
16-02-2020 - Mateus 5.6,True,True,True,,16-02-2020 - Mateus 5.6 [768772096].opus,16-02-2020 - Mateus 5.6.txt,Reverendo Bruno Melo,44:40,768772096,76,2680.999,1583026852,15-02-2020-mateus-56,1rOmRc5w8sohvQtrmsHfL2,2020-02-16,5710,416,1.0097087378640777,127.7881864185701,9.309962443104231,82.6
05-11-2023 - EBD - Exortação a consolarmos uns aos outros,True,True,True,Exortação a consolarmos uns aos outros por Pr.  André,05-11-2023 - EBD - Exortação a consolarmos uns aos outros [1674375114].opus,05-11-2023 - EBD - Exortação a consolarmos uns aos outros.txt,Pastor André,50:53,1674375114,36,3053.061,1700923434,05-11-2023-ebd-exortacao-a-consolarmos-uns-aos-outros,1Xq3DQxHswonXb3kuCCOBx,2023-11-05,6693,363,1.055232558139535,131.53356582131832,7.1338240539576505,82.6
31-10-2021 - Gênesis 22.1-19,True,True,True,Gênesis 22.1-19 por Pastor Bruno Melo,31-10-2021 - Gênesis 22.1-19 [1176321586].opus,31-10-2021 - Gênesis 22.1-19.txt,Reverendo Bruno Melo,45:43,1176321586,48,2743.353,1639272281,31102021-genesis-22-1-19,6b3uF0OKWPT7t3vNP9GGUG,2021-10-31,6344,430,1.016548463356974,138.74991661663665,9.404549833725373,82.6
14-01-2021 - Gênesis 3 (2),True,True,True,Gênesis 3 por Rev. Bruno Melo. Segunda parte.,14-01-2021 - Gênesis 3 (2) [990952663].opus,14-01-2021 - Gênesis 3 (2).txt,Reverendo Bruno Melo,44:09,990952663,1295,2649.913,1614043779,14-01-2021-genesis-3-2,4ZZEUvjVmUmcc9ELhY1v08,2021-01-14,6446,423,1.036764705882353,145.95196144175299,9.577672927375351,82.6
19-12-2021 - Eclesiastes 3.6-7,True,True,True,Eclesiastes 3.6-7 por Pastor Lucas Antunes,19-12-2021 - Eclesiastes 3.6-7 [1186287832].opus,19-12-2021 - Eclesiastes 3.6-7.txt,Pastor Lucas Antunes,39:40,1186287832,49,2380.748,1640716415,19-12-2021-eclesiastes-36-7,2G3PkSTkpPctsQCQwzqeRM,2021-12-19,4716,353,1.0632530120481927,118.85340237605996,8.896363663856906,82.7
05-06-2022 - EBD - Atribututos de Deus - Ira,True,True,True,Série Atributos de Deus por Presbítero Humberto Elias,05-06-2022 - EBD - Atribututos de Deus - Ira [1291214050].opus,05-06-2022 - EBD - Atribututos de Deus - Ira.txt,Presbítero Humberto Elias,48:13,1291214050,51,2893.505,1655771291,05-06-2022-ebd-atribututos-de-deus-ira,7ee6Y26QMRxS2R6swUbvxd,2022-06-05,6128,406,1.041025641025641,127.07080167478541,8.418855332892115,82.7
22-08-2021 - Gênesis 19.1-26,True,True,True,Gênesis 19.1-26 Pastor Bruno Melo,22-08-2021 - Gênesis 19.1-26 [1120335916].opus,22-08-2021 - Gênesis 19.1-26.txt,Reverendo Bruno Melo,41:11,1120335916,62,2471.131,1631020744,22-08-2021-genesis-191-26,0HMOVqvtC90i3roKURKjdV,2021-08-22,5745,398,1.0153061224489797,139.49078377471693,9.663591286742792,82.7
09-10-2022 - EBD - O Livro dos Reis - 1 Rs 8 parte 2,True,True,True,O Livro dos Reis por Pastor Bruno Melo,09-10-2022 - EBD - O Livro dos Reis - 1 Rs 8 parte 2 [1361306026].opus,09-10-2022 - EBD - O Livro dos Reis - 1 Rs 8 parte 2.txt,Reverendo Bruno Melo,1:03:01,1361306026,55,3781.878,1665530321,09-10-2022-ebd-o-livro-dos-reis-1-rs-8-parte-2,6BNCTNvYOcjibJirixCY9u,2022-10-09,9037,607,1.0376068376068377,143.37321299100606,9.630136138712036,82.7
22-12-2019 - I João 4.1-6,True,True,True,,22-12-2019 - I João 4.1-6 [733999618].opus,22-12-2019 - I João 4.1-6.txt,Presbítero Éder Júnior,40:33,733999618,97,2433.437,1577321369,15-12-2019-i-joao-41-6,5x7uEGxHqLeAEcyH2exJe2,2019-12-22,5818,429,1.0165876777251184,143.4514228229455,10.577631555696737,82.7
17-01-2021 - Gênesis 2.4-17,True,True,True,Gênesis 2.4-17 por Rev. Bruno Melo.,17-01-2021 - Gênesis 2.4-17 [976437973].opus,17-01-2021 - Gênesis 2.4-17.txt,Reverendo Bruno Melo,43:22,976437973,72,2602.893,1612120036,17-01-2021-genesis-24-17,7ulQjsR3HgtmMnuDAcpJ2F,2021-01-17,6589,366,1.0670553935860059,151.8848450550983,8.436766321166488,82.7
24-07-2022 - Gênesis 43,True,True,True,Gênesis 43 por Pastor Bruno Melo,24-07-2022 - Gênesis 43 [1311125191].opus,24-07-2022 - Gênesis 43.txt,Reverendo Bruno Melo,51:50,1311125191,56,3110.531,1658711526,24-07-2022-genesis-43,6yJP7FpkAtkdVNGmgSaqP8,2022-07-24,6945,464,1.0288248337028825,133.96426526531965,8.950240328741298,82.8
06-06-2021 - Gênesis 14,True,True,True,Gênesis 14 por Pastor Bruno Melo,06-06-2021 - Gênesis 14 [1076514586].opus,06-06-2021 - Gênesis 14.txt,Reverendo Bruno Melo,43:34,1076514586,65,2614.256,1624721728,06-06-2021-genesis-14,5ZMUg6KOXVTaEHATfIBs8Q,2021-06-06,5988,399,1.0336787564766838,137.4310702547876,9.1574811342118,82.8
17-05-2020 - Mateus 5.27-30,True,True,True,,17-05-2020 - Mateus 5.27-30 [840097399].opus,17-05-2020 - Mateus 5.27-30.txt,Reverendo Bruno Melo,41:49,840097399,76,2509.923,1592157471,17-05-2020-mateus-527-30,7zA8rlI2sFX5hKf2LDTP46,2020-05-17,5787,374,1.0246575342465754,138.33890521741108,8.940513314551882,82.8
21-01-2024 - EBD - Atos 16.16-40,True,True,True,Atos 16.16-40 por Pastor Bruno Melo,21-01-2024 - EBD - Atos 16.16-40 [1728915015].opus,21-01-2024 - EBD - Atos 16.16-40.txt,Reverendo Bruno Melo,1:04:31,1728915015,38,3871.739,1706320342,21-01-2024-ebd-atos-1616-40,6NxyEOllbwY1Q2gndfIcih,2024-01-21,8959,681,1.0133928571428572,138.8368379170187,10.553397323528266,82.8
30-06-2024 - Efésios 6.10-13 (I) - Fique de pé,True,True,True,Efésios 6.10-13 por Pastor Bruno Melo,30-06-2024 - Efésios 6.10-13 (I) - Fique de pé [1861344426].opus,30-06-2024 - Efésios 6.10-13 (I) - Fique de pé.txt,Reverendo Bruno Melo,43:47,1861344426,58,2627.84,1719968673,30-06-2024-efesios-610-13-i-fique-de-pe,6WUuVQhSM7mSPbOOdjuisN,2024-06-30,6118,413,1.0172413793103448,139.68886994641986,9.429797856794934,82.8
13-10-2024 - EBD - O Livro dos Reis,True,True,True,O Livro dos Reis por Pastor Bruno Melo,13-10-2024 - EBD - O Livro dos Reis [1971209091].opus,13-10-2024 - EBD - O Livro dos Reis.txt,Reverendo Bruno Melo,1:04:25,1971209091,11,3865.391,1733075519,13-10-2024-ebd-o-livro-dos-reis,1rcWC25LgdGjGFLijXN9D3,2024-10-13,9370,541,1.0929292929292929,145.44453588265714,8.397598069639008,82.8
"07-05-20223 - Efésios 3.7-8 - "" O evangelho das insondáveis riquezas de Cristo""",True,True,True,Efésios 3.7-8 por Pastor Bruno Melo,07-05-20223 - Efésios 3.7-8 - ＂ O evangelho das insondáveis riquezas de Cristo＂ [1519141552].opus,07-05-20223 - Efésios 3.7-8 - ＂ O evangelho das insondáveis riquezas de Cristo＂ [1519141552].txt,Reverendo Bruno Melo,49:06,1519141552,43,2946.795,1684690254,07-05-20223-efesios-37-8,6xAqUZfO9SVcFvjhqBa34T,0223-05-07,6531,402,1.0203045685279188,132.97837141708195,8.18516388143729,82.8
"26-11-2023 - Apocalipse 1.9-20 - ""...mas eis aqui estou vivo para todo o sempre. Amém.""",True,True,True,Apocalipse 1.9-20 por Presbítero Humberto Elias,26-11-2023 - Apocalipse 1.9-20 - ＂...mas eis aqui estou vivo para todo o sempre. Amém.＂ [1687321344].opus,26-11-2023 - Apocalipse 1.9-20 - -...mas eis aqui estou vivo para todo o sempre. Amém.-.txt,Presbítero Humberto Elias,53:03,1687321344,58,3183.987,1702256826,26-11-2023-apocalipse-19-20-mas-eis-aqui-estou-vivo-para-todo-o-sempre-amem,4DFBPLdVjDRk5kJv8XcVmR,2023-11-26,7183,368,1.0919881305637982,135.35859285857637,6.934701680628721,82.9
28-11-2021 - EBD - Atribututos de Deus - Soberania,True,True,True,28-11-2021 - EBD - Atributos de Deus - Soberania por Humberto Elias,28-11-2021 - EBD - Atribututos de Deus - Soberania [1176584521].opus,28-11-2021 - EBD - Atribututos de Deus - Soberania.txt,Presbítero Humberto Elias,1:04:00,1176584521,43,3840.078,1639328175,28112021-ebd-atribututos-de-deus-soberania,4kaALuDRBDA5WV0oLEWfB1,2021-11-28,8745,587,1.075091575091575,136.63784954368114,9.171688700073279,82.9
11-09-2022 - Gênesis 46.31-47.10,True,True,True,Gênesis 46.31-47.10 por Pastor Bruno Melo,11-09-2022 - Gênesis 46.31-47.10 [1346070574].opus,11-09-2022 - Gênesis 46.31-47.10.txt,Reverendo Bruno Melo,47:50,1346070574,55,2870.126,1663493653,11-09-2022-genesis-4631-4710,2ortfPWcz1GOVQiyqKpkNo,2022-09-11,6545,459,1.0154867256637168,136.8232614177914,9.595397553974982,82.9
12-07-2020 - Mateus 6.9,True,True,True,,12-07-2020 - Mateus 6.9 [856672258].opus,12-07-2020 - Mateus 6.9.txt,Reverendo Bruno Melo,42:56,856672258,73,2576.901,1594569299,12-07-2020-mateus-69,2BLufNAi6MclcAteNd9oGe,2020-07-12,6396,403,1.0176767676767677,148.92306689314026,9.383363970909244,82.9
28-03-2021 - Gênesis 9.1-17,True,True,True,Gênesis 9.1-17 por Reverendo Bruno Melo.,28-03-2021 - Gênesis 9.1-17 [1017983836].opus,28-03-2021 - Gênesis 9.1-17.txt,Reverendo Bruno Melo,43:42,1017983836,79,2622.537,1616953328,28-03-2021-genesis-91-17,3kM9TS7uC6nO60tknyxv9V,2021-03-28,6589,368,1.0337078651685394,150.74715819071383,8.419328306902822,82.9
04-08-2024 - João 21.15-25,True,True,True,João 21.15-25 por Pastor Milton Júnior,04-08-2024 - João 21.15-25 [1903795193].opus,04-08-2024 - João 21.15-25.txt,Pastor Milton Júnior,59:15,1903795193,17,3555.422,1724604168,04-08-2024-joao-2115-25,5RiRRKRiCeMRnpa9tpIMCu,2024-08-04,7295,709,1.015759312320917,123.10774923483064,11.964824428717604,83.0
05-06-2022 - Gênesis 38,True,True,True,Gênesis 38 por Pastor Bruno Melo,05-06-2022 - Gênesis 38 [1291215931].opus,05-06-2022 - Gênesis 38.txt,Reverendo Bruno Melo,52:14,1291215931,78,3134.328,1655771471,05-06-2022-genesis-38,1WPoRUjt1QwBJNrWg5FdZF,2022-06-05,7151,488,1.0317124735729386,136.89058707320996,9.341715353338898,83.0
"11-06-2023 - Efésios 3.14-16a - ""Por esta causa, me ponho de joelhos""",True,True,True,Efésios 3.14-16a por Pastor Bruno Melo,"11-06-2023 - Efésios 3.14-16a - ＂Por esta causa, me ponho de joelhos＂ [1543819762].opus","11-06-2023 - Efésios 3.14-16a - -Por esta causa, me ponho de joelhos-.txt",Reverendo Bruno Melo,46:26,1543819762,40,2786.351,1687112160,11-06-2023-efesios-314-16a-por-esta-causa-me-ponho-de-joelhos,015SyRrIw58zZ8gDqPvOOf,2023-06-11,6574,351,1.0415430267062316,141.56149027886292,7.558272450240476,83.0
27-09-2020 - Mateus 6.25-34,True,True,True,,27-09-2020 - Mateus 6.25-34 [900729031].opus,27-09-2020 - Mateus 6.25-34.txt,Reverendo Bruno Melo,45:14,900729031,83,2714.802,1601256680,27-09-2020-mateus-625-34,0tMPsOISzFboWixrlJUYFX,2020-09-27,6780,421,1.0169082125603865,149.84518207957706,9.304545966888192,83.0
20-09-2020 - Mateus 6.19-24,True,True,True,,20-09-2020 - Mateus 6.19-24 [896585956].opus,20-09-2020 - Mateus 6.19-24.txt,Reverendo Bruno Melo,46:18,896585956,69,2778.906,1600629562,20-09-2020-mateus-619-24,4fQ3jmiCBzBxOhFxHh2Pt5,2020-09-20,7084,431,1.03855421686747,152.95227690321298,9.305820348007453,83.0
13-06-2022 - Gênesis 32.22-32,True,True,True,Gênesis 32.22-32 por Pastor Bruno Melo,13-06-2022 - Gênesis 32.22-32 [1231795630].opus,13-06-2022 - Gênesis 32.22-32.txt,Reverendo Bruno Melo,47:51,1231795630,59,2871.954,1647223471,13-06-2022-genesis-3222-32,38SWLDqRcDozrk0kXqHXtL,2022-06-13,6480,471,1.0150862068965518,135.37821288223975,9.839990473385019,83.1
16-10-2022 - EBD - Atos 2.1-13,True,True,True,Atos 2.1-13 por Presbítero Humberto Elias,16-10-2022 - EBD - Atos 2.1-13 [1364754568].opus,16-10-2022 - EBD - Atos 2.1-13.txt,Presbítero Humberto Elias,1:03:21,1364754568,52,3801.104,1666024930,16-10-2022-ebd-atos-21-13,23DYf5Xjv2P0roFiT9fRGz,2022-10-16,8683,539,1.0737051792828685,137.06018041074384,8.508054502060455,83.1
02-04-2023 - Efésios 2.12-15,True,True,True,Efésios 2.12-15 por Pastor Bruno Melo,02-04-2023 - Efésios 2.12-15 [1517267875].opus,02-04-2023 - Efésios 2.12-15.txt,Reverendo Bruno Melo,48:07,1517267875,45,2887.784,1684454391,02-04-2023-efesios-212-15,4aYNmyuelAutUYEx8zLi8y,2023-04-02,6622,406,1.0124688279301746,137.5864676859488,8.435533959603626,83.1
04-04-2021 - Gênesis 9.18-29,True,True,True,Gênesis 9.18-29 por Pastor Bruno Melo.,04-04-2021 - Gênesis 9.18-29 [1023010333].opus,04-04-2021 - Gênesis 9.18-29.txt,Reverendo Bruno Melo,41:11,1023010333,81,2471.784,1617675729,04-04-2021-genesis-918-29,4osEqtyC5EopSFKuuYwBlK,2021-04-04,5954,359,1.0198863636363635,144.5271916963618,8.714353681389635,83.1
"21-05-2023 - Efésios 3.9-10 - ""Pela igreja""",True,True,True,Efésios 3.9-10 por Pastor Bruno Melo,21-05-2023 - Efésios 3.9-10 - ＂Pela igreja＂ [1540199137].opus,21-05-2023 - Efésios 3.9-10 - -Pela igreja-.txt,Reverendo Bruno Melo,49:09,1540199137,39,2949.042,1686785556,21-05-2023-efesios-39-10,17VAL7W45zKfHYIeBYEb6J,2023-05-21,6220,348,1.0388059701492538,126.54957101323073,7.080265387878504,83.2
13-10-2024 - 1 Reis 16.29-17.1 - Homem semelhante a nós,True,True,True,1 Reis 16.29-17.1 por Pastor Bruno Melo,13-10-2024 - 1 Reis 16.29-17.1 - Homem semelhante a nós [1971218151].opus,13-10-2024 - 1 Reis 16.29-17.1 - Homem semelhante a nós.txt,Reverendo Bruno Melo,51:32,1971218151,9,3092.036,1733076498,13-10-2024-1-reis-1629-171-homem-semelhante-a-nos,21fmTBNx5D1rLpDo1hMNTV,2024-10-13,6671,397,1.1342857142857143,129.44868688462876,7.703661923729219,83.2
13-02-2022 -  EBD - Atribututos de Deus - Onipotência,True,True,True,Série Atributos de Deus por Presbítero Humberto Elias,13-02-2022 -  EBD - Atribututos de Deus - Onipotência [1221420628].opus,13-02-2022 -  EBD - Atribututos de Deus - Onipotência.txt,Presbítero Humberto Elias,26:11,1221420628,44,1571.109,1645660602,13-02-2022-ebd-atribututos-de-deus-onipotencia,018cfy21kaBgxCU98rTNGb,2022-02-13,3419,211,1.0343137254901962,130.57018959219252,8.058002341021533,83.2
18-02-2024 - Mateus 6.16-18 - Quando jejuardes,True,True,True,Mateus 6.16-18 por Pastor Bruno Melo,18-02-2024 - Mateus 6.16-18 - Quando jejuardes [1750955877].opus,18-02-2024 - Mateus 6.16-18 - Quando jejuardes.txt,Reverendo Bruno Melo,51:33,1750955877,62,3093.734,1708306201,18-02-2024-mateus-616-18-quando-jejuardes,5Ez4xggQBtlJCdbMa5qKQe,2024-02-18,7160,446,1.0372093023255815,138.86132421210098,8.64974170371467,83.2
01-08-2021 - Gênesis 18.9-15,True,True,True,Gênesis 18.9-15 por Pastor Bruno Melo,01-08-2021 - Gênesis 18.9-15 [1110778255].opus,01-08-2021 - Gênesis 18.9-15.txt,Reverendo Bruno Melo,38:39,1110778255,67,2319.464,1629657438,01-08-2021-genesis-189-15,61R5pyIxoVDCZ4zTl832NN,2021-08-01,5440,350,1.002865329512894,140.7221668454436,9.053815881600231,83.2
15-12-2019 - Isaías 12,True,True,True,,15-12-2019 - Isaías 12 [732130057].opus,15-12-2019 - Isaías 12.txt,Reverendo Bruno Melo,47:02,732130057,80,2822.4,1576979580,15-12-2019-isaias-12,0yGzs4Za3RufU2isWmttAD,2019-12-15,6656,558,1.0145454545454546,141.49659863945578,11.862244897959183,83.2
21-10-2023 - V Conferência Peregrinos - A aliança da consumação: O cumprimento em Jesus Cristo I,True,True,True,V Conferência Peregrinos - A doutrina do pacto - Por Reverendo Ricardo Toniolo,21-10-2023 - V Conferência Peregrinos - A aliança da consumação： O cumprimento em Jesus Cristo I [1646457042].opus,21-10-2023 - V Conferência Peregrinos - A aliança da consumação- O cumprimento em Jesus Cristo I.txt,Pastor Ricardo Toniolo,1:02:54,1646457042,43,3774.929,1697940344,21-10-2023-v-conferencia-peregrinos-a-alianca-da-consumacao-o-cumprimento-em-jesus-cristo-i,1NmDk8menypISyAtUtRCzn,2023-10-21,7485,610,1.0338983050847457,118.9691249822182,9.695546591737221,83.3
04-07-2021 - Gênesis 17.1-8,True,True,True,Gênesis 17.1-8 por Pastor Bruno Melo,04-07-2021 - Gênesis 17.1-8 [1096264486].opus,04-07-2021 - Gênesis 17.1-8.txt,Reverendo Bruno Melo,40:41,1096264486,66,2441.718,1627563449,04-07-2021-genesis-171-8,08BkHveihvZlz2hyNY5Lhe,2021-07-04,5321,305,1.020066889632107,130.75219988549048,7.494722977837736,83.3
29-10-2023 - Êxodo 20.7 (Efésios4.39) - O que há num nome?,True,True,True,Êxodo 20.7 (Efésios4.39) por Pastor Bruno Melo,29-10-2023 - Êxodo 20.7 (Efésios4.39) - O que há num nome？ [1674363819].opus,29-10-2023 - Êxodo 20.7 (Efésios4.39) - O que há num nome-.txt,Reverendo Bruno Melo,52:30,1674363819,40,3150.446,1700921882,29-10-2023-exodo-207-efesios439-o-que-ha-num-nome,3h2f5qMZuRNWQJhICDOEIB,2023-10-29,7236,471,1.0489977728285078,137.80905941571447,8.970158510890204,83.3
30-02-2022 -  Gênesis 29.30-30.24,True,True,True,Gênesis 29.30-30.24 por Pastor Bruno Melo,30-02-2022 -  Gênesis 29.30-30.24 [1210550935].opus,30-02-2022 -  Gênesis 29.30-30.24.txt,Reverendo Bruno Melo,47:12,1210550935,61,2832.536,1644100335,30-02-2022-genesis-2930-3024,6Yrdb0tOqYRRDttatFxB7b,2022-02-05,6510,481,1.0020833333333334,137.8976295446907,10.188749586942585,83.3
29-08-2021 - Gênesis 19.27-38,True,True,True,Gênesis 19.27-38 Pastor Bruno Melo,29-08-2021 - Gênesis 19.27-38 [1120352887].opus,29-08-2021 - Gênesis 19.27-38.txt,Reverendo Bruno Melo,44:36,1120352887,64,2676.924,1631022767,29-08-2021-genesis-1927-38,31SpOvec2MU8hEjBGGxVNs,2021-08-29,6216,393,1.031496062992126,139.32408988824486,8.808617652200809,83.3
27-02-2022 - EBD - 2 Samuel (2),True,True,True,"Série ""Do caos a glória: um panorama de Gênesis à Apocalipse"" por Pastor Bruno Melo",27-02-2022 - EBD - 2 Samuel (2) [1231784281].opus,27-02-2022 - EBD - 2 Samuel (2).txt,Reverendo Bruno Melo,1:02:58,1231784281,43,3778.664,1647221570,27-02-2022-ebd-2-samuel-2,3fIsd5JuwW0WWC6rZqoqoH,2022-02-27,8947,558,1.029520295202952,142.0660847325933,8.860274425034879,83.3
30-05-2021 - Gênesis 13.5-18,True,True,True,Gênesis 13.5-18 por Pastor Bruno Melo,30-05-2021 - Gênesis 13.5-18 [1062279430].opus,30-05-2021 - Gênesis 13.5-18.txt,Reverendo Bruno Melo,42:53,1062279430,105,2573.14,1622856597,30-05-2021-genesis-135-18,4EcqcdvmzvlQTdUGzr3Qxm,2021-05-30,6237,376,1.0245231607629428,145.43320612170345,8.767498076280342,83.3
30-08-2020 - Mateus 6.13b,True,True,True,,30-08-2020 - Mateus 6.13b [888832615].opus,30-08-2020 - Mateus 6.13b.txt,Reverendo Bruno Melo,37:01,888832615,73,2221.375,1599420330,30-08-2020-mateus-613b,1uNeKtjCrooqxGNtDWXdjB,2020-08-30,5425,334,1.0308641975308641,146.53086489224017,9.021439423780317,83.3
20-02-2022 - 2 Timóteo 2.15,True,True,True,2 Timóteo 2.15 por Reverendo Edson Costa,20-02-2022 - 2 Timóteo 2.15 [1231778776].opus,20-02-2022 - 2 Timóteo 2.15.txt,Reverendo Edson Costa,39:21,1231778776,61,2361.104,1647220547,20-02-2022-2-timoteo-215,4q0ShxKIRzPgWA70AKmdtf,2022-02-20,3936,293,1.0464285714285715,100.02100712209204,7.445669483428092,83.4
26-03-2023 - Efésios 2.11-12,True,True,True,Efésios 2.11-12 por Pastor Bruno Melo,26-03-2023 - Efésios 2.11-12 [1515682870].opus,26-03-2023 - Efésios 2.11-12.txt,Reverendo Bruno Melo,50:52,1515682870,41,3052.904,1684278223,26-03-2023-efesios-211-12,4SA5xAgHRMfGz6PT0Prpp6,2023-03-26,6733,384,1.024,132.3264668656466,7.546912709996777,83.4
09-10-2022 - Gênesis 48.21-49.12 - Bênçãos proféticas,True,True,True,Gênesis 48.21-49.33 por Pastor Bruno Melo,09-10-2022 - Gênesis 48.21-49.12 - Bênçãos proféticas [1361306497].opus,09-10-2022 - Gênesis 48.21-49.12 - Bênçãos proféticas.txt,Reverendo Bruno Melo,53:53,1361306497,49,3233.254,1665530419,09-10-2022-genesis-4821-4933-parte-1,1q65xbT2rNhCMgU2wKcEBR,2022-10-09,7257,463,1.0243362831858407,134.6692836380934,8.59196339044195,83.4
12-11-2023 - Efésios 4.31.32 - O poder do perdão,True,True,True,Efésios 4.31.32 por Pastor Bruno Melo,12-11-2023 - Efésios 4.31.32 - O poder do perdão [1674380196].opus,12-11-2023 - Efésios 4.31.32 - O poder do perdão.txt,Reverendo Bruno Melo,52:14,1674380196,56,3134.145,1700924120,12-11-2023-efesios-43132-o-poder-do-perdao,0fxpbjxaIRWHzOCqsU9H4g,2023-11-12,7072,465,1.0333333333333334,135.38620580732544,8.901949335464696,83.4
22-09-2024 - Efésios 6.18-20 (Parte II) - Intrepidez e ousadia,True,True,True,Efésios 6.18-20 (Parte II) por Pastor Bruno Melo,22-09-2024 - Efésios 6.18-20 (Parte II) - Intrepidez e ousadia [1929150521].opus,22-09-2024 - Efésios 6.18-20 (Parte II) - Intrepidez e ousadia.txt,Reverendo Bruno Melo,49:13,1929150521,17,2953.639,1728090990,22-09-2024-efesios-618-20-parte-ii-intrepidez-e-ousadia,4x9zPicoEmUQM1f6Oaxurw,2024-09-22,6680,407,1.0598958333333333,135.69701646003455,8.267767320244621,83.4
18-09-2022 - Gênesis 47.11-31,True,True,True,Gênesis 47.11-31 por Pastor Bruno Melo,18-09-2022 - Gênesis 47.11-31 [1349851903].opus,18-09-2022 - Gênesis 47.11-31.txt,Reverendo Bruno Melo,51:11,1349851903,52,3071.112,1663971528,18-09-2022-genesis-4711-31,20PXlDUuDh34lMgt66FK3O,2022-09-18,6996,505,1.0079840319361277,136.68013410126363,9.86613317912209,83.4
14-03-2021 - Gênesis 6.9-22,True,True,True,Gênesis 6.9-22 por Reverendo Bruno Melo.,14-03-2021 - Gênesis 6.9-22 [1007577517].opus,14-03-2021 - Gênesis 6.9-22.txt,Reverendo Bruno Melo,44:56,1007577517,79,2696.516,1615823733,14-03-2021-genesis-69-22,6nRQ6bEECGv4a8MekcfSvn,2021-03-14,6473,472,1.0172413793103448,144.03029687196369,10.502440927478272,83.4
19-07-2020 - Mateus 6.10a,True,True,True,,19-07-2020 - Mateus 6.10a [860845129].opus,19-07-2020 - Mateus 6.10a.txt,Reverendo Bruno Melo,41:53,860845129,70,2513.58,1595181100,19-07-2020-mateus-610a,2M5djsa2JOBV9xF7X8bKRn,2020-07-19,6349,406,1.0278481012658227,151.5527653784642,9.691356551213806,83.4
"30-10-2022 - Gênesis 50.15-21 - ""Vós intentastes o mal; porém Deus o intentou para o bem""",True,True,True,Gênesis 50.15-21 por Pastor Bruno Melo,30-10-2022 - Gênesis 50.15-21 - ＂Vós intentastes o mal; porém Deus o intentou para o bem＂ [1374615619].opus,30-10-2022 - Gênesis 50.15-21 - -Vós intentastes o mal; porém Deus o intentou para o bem-.txt,Reverendo Bruno Melo,57:03,1374615619,54,3423.687,1667350045,30-10-2022-genesis-5015-21-vos-intentastes-o-mal-porem-deus-o-intentou-para-o-bem,2bQPt52X858prtDJHjiZts,2022-10-30,7454,565,1.0161870503597121,130.63110033130948,9.901606075555389,83.5
"19-05-2024 - Efésios 6.4 - ""E vós, pais, não provoquei seus filhos à ira""",True,True,True,Efésios 6.4 por Pastor Bruno Melo,"19-05-2024 - Efésios 6.4 - ＂E vós, pais, não provoquei seus filhos à ira＂ [1830366774].opus","19-05-2024 - Efésios 6.4 - -E vós, pais, não provoquei seus filhos à ira-.txt",Reverendo Bruno Melo,50:55,1830366774,29,3055.7,1716690064,19-05-2024-efesios-64-e-vos-pais-nao-provoquei-seus-filhos-a-ira,6rPQhpH5wpK63rL4uwyjc8,2024-05-19,6770,426,1.0070921985815602,132.93189776483294,8.364695487122427,83.5
"07-04-2024 - Efésios 5.23,25 - Liderança em amor",True,True,True,"Efésios 5.23,25 por Pastor Bruno Melo","07-04-2024 - Efésios 5.23,25 - Liderança em amor [1795587958].opus","07-04-2024 - Efésios 5.23,25 - Liderança em amor.txt",Reverendo Bruno Melo,44:33,1795587958,62,2673.006,1712542288,07-04-2024-efesios-52325-lideranca-em-amor,6zYezyf3wVWaOkh2hGZtfd,2024-04-07,6025,312,1.223529411764706,135.24099833670408,7.003351283162103,83.5
12-06-2022 - Gênesis 39,True,True,True,Gênesis 39 por Pastor Bruno Melo,12-06-2022 - Gênesis 39 [1291224529].opus,12-06-2022 - Gênesis 39.txt,Reverendo Bruno Melo,49:38,1291224529,46,2978.612,1655772645,12-06-2022-genesis-39,0lGJQPVJKpitDzcVewzOcU,2022-06-12,6818,441,1.027972027972028,137.33913648370446,8.883332236625648,83.5
01-01-2023 - EBD - O Livro dos Reis - 1 Rs 14.1-20,True,True,True,O Livro dos Reis por Pastor Bruno Melo,01-01-2023 - EBD - O Livro dos Reis - 1 Rs 14.1-20 [1421057248].opus,01-01-2023 - EBD - O Livro dos Reis - 1 Rs 14.1-20.txt,Reverendo Bruno Melo,53:10,1421057248,42,3190.544,1673393500,01-01-2023-ebd-o-livro-dos-reis-1-rs-141-20,3Hg5mwcjfzMtpj8uYUOy6x,2023-01-01,7317,427,1.0364077669902914,137.60035906102533,8.029978586723768,83.5
02-01-2022 - Gênesis 27.41-28.9,True,True,True,Gênesis 27.41-28.9 por Pastor Bruno Melo,02-01-2022 - Gênesis 27.41-28.9 [1199383432].opus,02-01-2022 - Gênesis 27.41-28.9.txt,Reverendo Bruno Melo,47:08,1199383432,43,2828.617,1642601778,02-01-2022-genesis-2741-289,2PRpZWOELkc3WNrPqpQtTX,2022-01-02,6523,404,1.0074812967581048,138.36443746184088,8.569558904581285,83.5
11-04-2021 - Gênesis 10,True,True,True,Gênesis 10 por Pastor Bruno Melo.,11-04-2021 - Gênesis 10 [1027233397].opus,11-04-2021 - Gênesis 10.txt,Reverendo Bruno Melo,41:34,1027233397,76,2494.589,1618166266,11-04-2021-genesis-10,6HjzSl6EiQc4DolenyNPqU,2021-04-11,5796,346,1.0176470588235293,139.40572976149576,8.32201216312587,83.5
"13-08-2023 - Efésios 4.14-16 - ""Todo o corpo""",True,True,True,Efésios 4.14-16 por Pastor Bruno Melo,13-08-2023 - Efésios 4.14-16 - ＂Todo o corpo＂ [1606709691].opus,13-08-2023 - Efésios 4.14-16 - -Todo o corpo-.txt,Reverendo Bruno Melo,48:33,1606709691,43,2913.985,1693669790,13-08-2023-efesios-414-16-todo-o-corpo,5516LMCJfG1xo8a2ySiupd,2023-08-13,6802,387,1.048780487804878,140.05562828909552,7.9684692954836756,83.5
23-05-2021 - Gênesis 12.5-13.4,True,True,True,Gênesis 12.5-13.4 por Pastor Bruno Melo,23-05-2021 - Gênesis 12.5-13.4 [1062271384].opus,23-05-2021 - Gênesis 12.5-13.4.txt,Reverendo Bruno Melo,43:27,1062271384,70,2607.856,1622854996,23-05-2021-genesis-125-134,3Vtn8Fn8gVkrLu2NWdj8cn,2021-05-23,6248,418,1.027027027027027,143.75026841972868,9.617095422446639,83.5
22-10-2023 - V Conferência Peregrinos - A aliança da consumação: O cumprimento em Jesus Cristo II,True,True,True,V Conferência Peregrinos - A doutrina do pacto - Por Reverendo Ricardo Toniolo,22-10-2023 - V Conferência Peregrinos - A aliança da consumação： O cumprimento em Jesus Cristo II [1646774532].opus,22-10-2023 - V Conferência Peregrinos - A aliança da consumação- O cumprimento em Jesus Cristo II.txt,Pastor Ricardo Toniolo,1:17:27,1646774532,65,4647.419,1697995813,22-10-2023-v-conferencia-peregrinos-a-alianca-da-consumacao-o-cumprimento-em-jesus-cristo-ii,0jOOqeM2G4ob4dkMDiF4se,2023-10-22,9376,758,1.0326975476839237,121.04783321667361,9.786076960136368,83.6
16-07-2023 - Efésios 4.4-6 - Os sete solas da unidade,True,True,True,Efésios 4.4-6 por Pastor Bruno Melo,16-07-2023 - Efésios 4.4-6 - Os sete solas da unidade [1569679786].opus,16-07-2023 - Efésios 4.4-6 - Os sete solas da unidade.txt,Reverendo Bruno Melo,52:30,1569679786,46,3150.655,1689813477,16-07-2023-efesios-44-6-os-sete-solas-da-unidade,7iB5g32XFut2Q53FzDcG1b,2023-07-16,6783,393,1.0396825396825398,129.17314018831004,7.484158056023271,83.6
"06-11-2022 - Efésios 1.1-3 - ""Céu, eu estou no céu""",True,True,True,Efésios 1.1-14 por Pastor Bruno Melo,"06-11-2022 - Efésios 1.1-3 - ＂Céu, eu estou no céu＂ [1377794626].opus","06-11-2022 - Efésios 1.1-3 - -Céu, eu estou no céu-.txt",Reverendo Bruno Melo,49:19,1377794626,74,2959.856,1667783249,06-11-2022-efesios-11-3,2yMAEl9hXSd80yYBGmub8k,2022-11-06,6430,398,1.0205128205128204,130.34417890600082,8.06796006292198,83.6
"26-05-2024 - Efésios 6.4b - ""mas criai-os na disciplina e na admoestação do Senhor""",True,True,True,Efésios 6.4b por Pastor Bruno Melo,26-05-2024 - Efésios 6.4b - ＂mas criai-os na disciplina e na admoestação do Senhor＂ [1830913185].opus,26-05-2024 - Efésios 6.4b - -mas criai-os na disciplina e na admoestação do Senhor-.txt,Reverendo Bruno Melo,49:36,1830913185,39,2976.026,1716769609,26-05-2024-efesios-64b-mas-criai-os-na-disciplina-e-na-admoestacao-do-senhor,73dZymd47UtavxHWTodjKM,2024-05-26,6569,394,1.0423280423280423,132.43835907347585,7.943478988422817,83.6
02-07-2023 - Efésios 3.20-21 - Doxologia,True,True,True,Efésios 3.20-21 por Pastor Bruno Melo,02-07-2023 - Efésios 3.20-21 - Doxologia [1561401862].opus,02-07-2023 - Efésios 3.20-21 - Doxologia.txt,Reverendo Bruno Melo,49:14,1561401862,45,2954.658,1689036286,02-07-2023-efesios-320-21-doxologia,5qsXR25HzFuq58tmseK51x,2023-07-02,6567,349,1.0234604105571847,133.3555355645222,7.087114650832686,83.6
28-08-2022 - Gênesis 46.1-30,True,True,True,Gênesis 46.1-30 por Pastor Bruno Melo,28-08-2022 - Gênesis 46.1-30 [1337543116].opus,28-08-2022 - Gênesis 46.1-30.txt,Reverendo Bruno Melo,48:47,1337543116,50,2927.177,1662311303,28-08-2022-genesis-461-30,1qZkusjyzvDZTUgzMDIu2l,2022-08-28,6526,495,1.0206185567010309,133.76710735292056,10.14629453565671,83.6
27-12-2020 - EBD - Liberdade de expressão de crença religiosa,True,True,True,Parâmetros e limites bíblicos e jurídicos.,27-12-2020 - EBD - Liberdade de expressão de crença religiosa [958250851].opus,27-12-2020 - EBD - Liberdade de expressão de crença religiosa.txt,Reverendo Daniel,1:13:19,958250851,75,4399.569,1609616138,27-12-2020-ebd-liberdade-de-expressao-de-crenca-religiosa,0BKxtZehRxDU5qRjHAYLL0,2020-12-27,9956,589,1.0689655172413792,135.77693633171793,8.032605011990945,83.6
"25-06-2023 - Efésios 3.16b-19 - ""Tomados de toda plenitude de Deus""",True,True,True,Efésios 3.16b-19 por Pastor Bruno Melo,25-06-2023 - Efésios 3.16b-19 - ＂Tomados de toda plenitude de Deus＂ [1552428382].opus,25-06-2023 - Efésios 3.16b-19 - -Tomados de toda plenitude de Deus-.txt,Reverendo Bruno Melo,46:52,1552428382,43,2812.891,1688000157,25-06-2023-efesios-316b-19-tomados-de-toda-plenitude-de-deus,5jGccsyGVUwLWqlsPGuUAB,2023-06-25,6401,378,1.0356164383561643,136.53568517230136,8.062879080632701,83.6
25-07-2021 - Gênesis 18.1-8,True,True,True,Gênesis 18.1-8 por Pastor Bruno Melo,25-07-2021 - Gênesis 18.1-8 [1097145769].opus,25-07-2021 - Gênesis 18.1-8.txt,Reverendo Bruno Melo,41:28,1097145769,75,2488.346,1627661517,25-07-2021-genesis-181-8,61ddaFQd3uK2kbxuWR3rwZ,2021-07-25,5993,399,1.0050377833753148,144.50562743284092,9.620848547589443,83.6
19-06-2022 - Gênesis 40,True,True,True,Gênesis 40 por Pastor Bruno Melo,19-06-2022 - Gênesis 40 [1291230400].opus,19-06-2022 - Gênesis 40.txt,Reverendo Bruno Melo,45:30,1291230400,49,2730.083,1655773670,19-06-2022-genesis-40,0msmsKQAyvlBvlVRT0Mck4,2022-06-19,6631,429,1.0263157894736843,145.73183306148567,9.42828478108541,83.6
21-10-2023 - V Conferência Peregrinos - As alianças da Graça,True,True,True,V Conferência Peregrinos - A doutrina do pacto - Por Reverendo Ricardo Toniolo,21-10-2023 - V Conferência Peregrinos - As alianças da Graça [1646234136].opus,21-10-2023 - V Conferência Peregrinos - As alianças da Graça.txt,Pastor Ricardo Toniolo,1:06:41,1646234136,49,4001.202,1697908200,21-10-2023-v-conferencia-peregrinos-a-doutrina-do-pacto-as-aliancas-da-graca,29L4s3JCFr5FQk84E1hIlB,2023-10-21,7931,609,1.0235294117647058,118.92926175684207,9.132255757144979,83.7
"12-02-2023 - Efésios 2.1-3 - ""Walking Dead""",True,True,True,Efésios 2.1-3 por Pastor Bruno Melo,12-02-2023 - Efésios 2.1-3 - ＂Walking Dead＂ [1454381947].opus,12-02-2023 - Efésios 2.1-3 - -Walking Dead-.txt,Reverendo Bruno Melo,51:17,1454381947,74,3077.355,1677189131,12-02-2023-efesios-21-3-walking-dead,57yT0RwgRtkzsExKvGnjHo,2023-02-12,6737,396,1.053191489361702,131.35306131401805,7.720916176391738,83.7
06-08-2023 - Efésios 4.11-13 - Plenitude de Cristo,True,True,True,Efésios 4.11-13 por Pastor Bruno Melo,06-08-2023 - Efésios 4.11-13 - Plenitude de Cristo [1585609583].opus,06-08-2023 - Efésios 4.11-13 - Plenitude de Cristo.txt,Reverendo Bruno Melo,51:41,1585609583,77,3101.597,1691401385,06-08-2023-efesios-411-13-plenitude-de-cristo,5vq8FOmOGJPNDaWNzxl7NM,2023-08-06,6792,379,1.0469613259668509,131.3903772798336,7.331706859401786,83.7
27-06-2021 - Gênesis 16,True,True,True,Gênesis 16 por Pastor Bruno Melo,27-06-2021 - Gênesis 16 [1096262248].opus,27-06-2021 - Gênesis 16.txt,Reverendo Bruno Melo,45:51,1096262248,65,2751.347,1627563125,27-06-2021-genesis-16,4tQ1EzPOW3MXjXh4qWo8jx,2021-06-27,6100,440,1.0161662817551964,133.025750659586,9.595300047576696,83.7
"09-06-2024 - Efésios 6.5-8 - ""Certos de que ...""",True,True,True,Efésios 6.5-8 por Pastor Bruno Melo,09-06-2024 - Efésios 6.5-8 - ＂Certos de que ...＂ [1855439355].opus,09-06-2024 - Efésios 6.5-8 - -Certos de que ...-.txt,Reverendo Bruno Melo,49:44,1855439355,18,2984.803,1719191528,09-06-2024-efesios-65-8-certos-de-que,0YVYSMrhs5xYJdr3GrRXqA,2024-06-09,6633,446,1.0300230946882216,133.3354328577129,8.96541580801145,83.7
13/02/2022 - Gênesis 31.17-32.2,True,True,True,Gênesis 31.17-32.2 por Pastor Bruno Melo,13⧸02⧸2022 - Gênesis 31.17-32.2 [1221421495].opus,13-02-2022 - Gênesis 31.17-32.2.txt,Reverendo Bruno Melo,49:34,1221421495,57,2974.824,1645660734,13022022-genesis-3117-322,29UgafwT6Xjm6Bgc4SCRfL,2022-02-13,6687,485,1.0146443514644352,134.87184451920515,9.782091310275835,83.7
13-06-2021 - Gênesis 15,True,True,True,Gênesis 15 por Pastor Bruno Melo,13-06-2021 - Gênesis 15 [1076522437].opus,13-06-2021 - Gênesis 15.txt,Reverendo Bruno Melo,44:39,1076522437,63,2679.118,1624722966,13-06-2021-genesis-15,6919YBuIBB5wnWeW8u7EC5,2021-06-13,6328,414,1.0171990171990173,141.71828191218154,9.271708077061183,83.7
24-11-2024 - 1 Reis 19.11-18 - O plano de Deus,True,True,True,1 Reis 19.11-18 por Pastor Bruno Melo,24-11-2024 - 1 Reis 19.11-18 - O plano de Deus [1974920355].opus,24-11-2024 - 1 Reis 19.11-18 - O plano de Deus [1974920355].txt,Reverendo Bruno Melo,53:04,1974920355,13,3184.118,1733450470,24-11-2024-1-reis-1911-18-o-plano-de-deus,4mqHcUBxphKtSbWH8TiALA,2024-11-24,6743,412,1.08994708994709,127.06187396321369,7.7635313766638046,83.7
"10-03-2024 - Efésios 5.22-33 - ""Grande é esse mistério, mas eu me refiro a Cristo e à Igreja""",True,True,True,Efésios 5.22-33 por Pastor Bruno Melo,"10-03-2024 - Efésios 5.22-33 - ＂Grande é esse mistério, mas eu me refiro a Cristo e à Igreja＂ [1782875970].opus","10-03-2024 - Efésios 5.22-33 - -Grande é esse mistério, mas eu me refiro a Cristo e à Igreja-.txt",Reverendo Bruno Melo,48:43,1782875970,32,2923.468,1711239464,10-03-2024-efesios-522-33-grande-e-esse-misterio-mas-eu-me-refiro-a-cristo-e-a-igreja,5M3zBi2OYT06NsuafFWdw9,2024-03-10,6492,389,1.0130208333333333,133.23901612742128,7.9836687112703135,83.8
"20-11-2022 - Efésios 1.7-8 - ""Pelo seu sangue""",True,True,True,Efésios 1.7-8 por Pastor Bruno Melo,20-11-2022 - Efésios 1.7-8 - ＂Pelo seu sangue＂ [1392958885].opus,20-11-2022 - Efésios 1.7-8 - -Pelo seu sangue-.txt,Reverendo Bruno Melo,49:35,1392958885,77,2975.608,1669759444,20-11-2022-efesios-17-8-pelo-seu-sangue,3EH8Idh1UxAogjyVepodGs,2022-11-20,6637,394,1.0051020408163265,133.8281117674102,7.944594852547781,83.8
"08-10-2023 - Efésios 4.28 - Furto, trabalho, caridade e a Cruz",True,True,True,Efésios 4.28 por Pastor Bruno Melo,"08-10-2023 - Efésios 4.28 - Furto, trabalho, caridade e a Cruz [1641334317].opus","08-10-2023 - Efésios 4.28 - Furto, trabalho, caridade e a Cruz.txt",Reverendo Bruno Melo,52:04,1641334317,38,3124.01,1697395272,08-10-2023-efesios-428,1FJTlcJx4IJkhVDSLGsZej,2023-10-08,7305,419,1.0527638190954773,140.30044718166715,8.047349400290011,83.8
03-07-2022 - Gênesis 41,True,True,True,Gênesis 41 por Pastor Bruno Melo,03-07-2022 - Gênesis 41 [1310643475].opus,03-07-2022 - Gênesis 41.txt,Reverendo Bruno Melo,48:40,1310643475,44,2920.882,1658615723,03-07-2022-genesis-41,4A3jzmKgE5zB2tC73ZVAcT,2022-07-03,6972,393,1.0424403183023874,143.2170145866899,8.072904006392589,83.8
09-05-2021 - Gênesis 11.31-12.4,True,True,True,Gênesis 11.31-12.4 por Pastor Bruno Melo.,09-05-2021 - Gênesis 11.31-12.4 [1062267097].opus,09-05-2021 - Gênesis 11.31-12.4.txt,Reverendo Bruno Melo,43:26,1062267097,61,2606.55,1622854195,09-05-2021-genesis-1131-124,70pxdc36UM1nLHLFRvZLN1,2021-05-09,6283,380,1.0354223433242506,144.62795649421648,8.747194567531794,83.8
20-06-2021 - Eclesiastes 2.12-17,True,True,True,Eclesiastes 2.112-17 por Pastor Lucas Antunes,20-06-2021 - Eclesiastes 2.12-17 [1076522902].opus,20-06-2021 - Eclesiastes 2.12-17.txt,Pastor Lucas Antunes,35:15,1076522902,87,2115.004,1624723036,20-06-2021-eclesiastes-212-17,2Vsw9Q49wcPsM23SEhRsyV,2021-06-20,3818,286,1.0035087719298246,108.3118518924787,8.113459832700082,83.9
04-12-2022 - Eclesiastes 12,True,True,True,Eclesiastes 12 por Pastor Lucas Antunes,04-12-2022 - Eclesiastes 12 [1410701863].opus,04-12-2022 - Eclesiastes 12.txt,Pastor Lucas Antunes,53:30,1410701863,62,3210.162,1672098154,04-12-2022-eclesiastes-12,7M7deAxafW9zbAvbNwKW2U,2022-12-04,6074,518,1.054989816700611,113.5269808813387,9.681754378750979,83.9
27-03-2022 - Habacuque 1.1-11,True,True,True,Habacuque 1.1-11 por Presbítero Humberto Elias,27-03-2022 - Habacuque 1.1-11 [1243342543].opus,27-03-2022 - Habacuque 1.1-11.txt,Presbítero Humberto Elias,51:30,1243342543,46,3090.913,1648943297,27-03-2022-habacuque-11-11,00VzMoIOA4nhWLdg21t4ho,2022-03-27,6376,371,1.0630372492836677,123.76925523300073,7.201755597779685,83.9
05-12-2021 - EBD - Atribututos de Deus - Sabedoria,True,True,True,05-12-2021 - EBD - Atributos de Deus - Sabedoria por Presbítero Humberto Elias,05-12-2021 - EBD - Atribututos de Deus - Sabedoria [1176590620].opus,05-12-2021 - EBD - Atribututos de Deus - Sabedoria.txt,Presbítero Humberto Elias,1:04:10,1176590620,46,3850.919,1639329030,05122021-ebd-atribututos-de-deus-sabedoria,7Max2OJ96ihuWeZjLJ0ZTF,2021-12-05,8122,517,1.0423387096774193,126.5464165826391,8.055220065651861,83.9
11-12-2022 - Efésios 1.11-12 - Predestinados para uma herança gloriosa,True,True,True,Efésios 1.11-12  por Pastor Bruno Melo,11-12-2022 - Efésios 1.11-12 - Predestinados para uma herança gloriosa [1420250269].opus,11-12-2022 - Efésios 1.11-12 - Predestinados para uma herança gloriosa.txt,Reverendo Bruno Melo,50:15,1420250269,63,3015.131,1673304384,18-12-2022-efesios-111-12-predestinados-para-uma-heranca-gloriosa,0NuUGMLD43088hvb0wZQHK,2022-12-11,6448,394,1.0287206266318538,128.3128328420888,7.840455356666096,83.9
01-01-2023 - Tito 2,True,True,True,Tito 2 por Presbítero Humberto Elias,01-01-2023 - Tito 2 [1421067463].opus,01-01-2023 - Tito 2.txt,Presbítero Humberto Elias,49:51,1421067463,59,2991.256,1673394073,01-01-2023-tito-2,6NmRe7V6dsVEBbDUpjSxol,2023-01-01,6422,336,1.0599369085173502,128.81545411024666,6.739643815173292,83.9
13-03-2022 - Gênesis 33,True,True,True,Gênesis 33 por Pastor Bruno Melo,13-03-2022 - Gênesis 33 [1231798444].opus,13-03-2022 - Gênesis 33.txt,Reverendo Bruno Melo,46:30,1231798444,57,2790.949,1647224019,13-03-2022-genesis-33,4s3VH9PE9EKM0gU1KDw9Mo,2022-03-13,6185,385,1.0635359116022098,132.9655253463965,8.27675460927448,83.9
25-04-2021 - Gênesis 11.1-9,True,True,True,Gênesis 11.1-9 por Pastor Bruno Melo.,25-04-2021 - Gênesis 11.1-9 [1043487370].opus,25-04-2021 - Gênesis 11.1-9.txt,Reverendo Bruno Melo,43:23,1043487370,74,2603.05,1620266594,25-04-2021-genesis-111-9,54ALamdvjPNlhBiyVpYdh4,2021-04-25,5818,364,1.0224719101123596,134.10422389120453,8.390157699621597,83.9
02-10-2022 - Gênesis 48.1-20,True,True,True,Gênesis 48.1-20 Por Pastor Bruno Melo,02-10-2022 - Gênesis 48.1-20 [1355596936].opus,02-10-2022 - Gênesis 48.1-20.txt,Reverendo Bruno Melo,52:05,1355596936,64,3125.055,1664760595,02-10-2022-genesis-481-20,1ue9Mzpc9XBZYjFWtlzO0L,2022-10-02,7235,561,1.007181328545781,138.90955519182864,10.771010430216428,83.9
27-02-2022 - Gênesis 32.3-21 e 33.1-4,True,True,True,Gênesis 32.3-21 e 33.1-4 Por Pastor Bruno Melo,27-02-2022 - Gênesis 32.3-21 e 33.1-4 [1231785454].opus,27-02-2022 - Gênesis 32.3-21 e 33.1-4.txt,Reverendo Bruno Melo,44:02,1231785454,49,2642.808,1647221804,27-02-2022-genesis-323-21-e-331-4,31Nk9O1l6GHlcM08IH6OO0,2022-02-27,6279,454,1.0066518847006651,142.55292098404425,10.307218685579883,83.9
18-12-2022 - Efésios 1.13 - Selados com o Espírito,True,True,True,Efésios 1.13 por Pastor Bruno Melo,18-12-2022 - Efésios 1.13 - Selados com o Espírito [1420255681].opus,18-12-2022 - Efésios 1.13 - Selados com o Espírito.txt,Reverendo Bruno Melo,48:19,1420255681,49,2899.566,1673305036,18-12-2022-efesios-113-selados-com-o-espirito,4Dqk5lUMeAloDHsNFqTC1c,2022-12-18,6271,398,1.0127226463104326,129.76424747703624,8.235715276010273,84.0
11-02-2024 - Efésios 5.21 - Sujeitando-vos uns aos outros no temor de Cristo,True,True,True,Efésios 5.21 por Pastor Bruno Melo,11-02-2024 - Efésios 5.21 - Sujeitando-vos uns aos outros no temor de Cristo [1750258758].opus,11-02-2024 - Efésios 5.21 - Sujeitando-vos uns aos outros no temor de Cristo.txt,Reverendo Bruno Melo,49:38,1750258758,46,2978.142,1708216020,11-02-2024-efesios-521-sujeitando-vos-uns-aos-outros-no-temor-de-cristo,0prNgn5CeoXzrVXHGeBR9G,2024-02-11,6590,364,1.0253521126760563,132.76734286007854,7.333431381042274,84.0
20-08-2023 - Apocalipse 1.4-8,True,True,True,Apocalipse 1.4-8 por Presbítero Humberto Elias,20-08-2023 - Apocalipse 1.4-8 [1606747872].opus,20-08-2023 - Apocalipse 1.4-8.txt,Presbítero Humberto Elias,45:19,1606747872,44,2719.634,1693674646,20-08-2023-apocalipse-14-8,1EdCP4ULKvEdJWMhjNTMpi,2023-08-20,6046,357,1.0884146341463414,133.38559526759852,7.87605979333984,84.0
"19-11-2023 - Efésios 5.1,2 - ""Imitadores!",True,True,True,"Efésios 5.1,2 por Pastor Bruno Melo","19-11-2023 - Efésios 5.1,2 - ＂Imitadores! [1687312332].opus","19-11-2023 - Efésios 5.1,2 - -Imitadores!.txt",Reverendo Bruno Melo,52:11,1687312332,41,3131.167,1702255326,19-11-2023-efesios-512-imitadores,0YlOSIVXZK2nNpvJ0uCMXi,2023-11-19,6989,431,1.0641975308641975,133.9245080188952,8.25890155331862,84.0
"28-01-2024 - Efésios 5.18,19 - Falando com salmos e cantando de coração",True,True,True,"Efésios 5.18,19 por Pastor Bruno Melo","28-01-2024 - Efésios 5.18,19 - Falando com salmos e cantando de coração [1745528445].opus","28-01-2024 - Efésios 5.18,19 - Falando com salmos e cantando de coração.txt",Reverendo Bruno Melo,52:20,1745528445,44,3140.31,1707784221,28-01-2024-efesios-51819-falando-com-salmos-e-cantando-de-coracao,3LgwQLmRi2RdvtY4WsxRVF,2024-01-28,7081,410,1.0704960835509139,135.29237559349238,7.833621521442151,84.0
29-01-2023 - EBD - O Livro dos Reis - 1 Rs 15.25-16.28,True,True,True,O Livro dos Reis por Pastor Bruno Melo,29-01-2023 - EBD - O Livro dos Reis - 1 Rs 15.25-16.28 [1440325594].opus,29-01-2023 - EBD - O Livro dos Reis - 1 Rs 15.25-16.28.txt,Reverendo Bruno Melo,53:56,1440325594,48,3236.362,1675616697,29-01-2023-ebd-o-livro-dos-reis-1-rs-1525-1628,4VjckMl9mHaAotinDuRctM,2023-01-29,7580,440,1.0256410256410255,140.528160941205,8.157307495267835,84.0
08-01-2023 - EBD - O Livro dos Reis - 1 Rs 14.21-31,True,True,True,O Livro dos Reis por Pastor Bruno Melo,08-01-2023 - EBD - O Livro dos Reis - 1 Rs 14.21-31 [1432454842].opus,08-01-2023 - EBD - O Livro dos Reis - 1 Rs 14.21-31.txt,Reverendo Bruno Melo,53:19,1432454842,44,3199.504,1674686546,08-01-2023-ebd-o-livro-dos-reis-1-rs-1421-31,6YdYsDrzKiL5LxM19DCiAR,2023-01-08,7598,451,1.0273348519362187,142.48458511069217,8.457560921942902,84.0
08-05-2022 - Habacuque 1.12-2.20,True,True,True,Habacuque 1.12-2.20 por Presbítero Humberto Eleias,08-05-2022 - Habacuque 1.12-2.20 [1268986795].opus,08-05-2022 - Habacuque 1.12-2.20.txt,Presbítero Humberto Elias,44:52,1268986795,89,2692.493,1652659270,08-05-2022-habacuque-112-220,5kKJn8MR1Ili6Gzr6zoGF5,2022-05-08,5347,324,1.0485436893203883,119.15351311962557,7.220074481159283,84.1
30-07-2023 - Levítico 10.8-11,True,True,True,Levítico 10.8-11 por Pastor Ben-Hur,30-07-2023 - Levítico 10.8-11 [1585038067].opus,30-07-2023 - Levítico 10.8-11.txt,Pastor Ben-Hur,43:28,1585038067,42,2608.274,1691344165,30-07-2023-levitico-108-11,1c6QNW9olnTors279abGgd,2023-07-30,5478,280,1.1244979919678715,126.01436812236751,6.44104108694102,84.1
"16-10-2022 - Gênesis 49.13-49.33 - A tua salvação espero, ó Senhor",True,True,True,Gênesis 49.13-49.33  por Pastor Bruno Melo,"16-10-2022 - Gênesis 49.13-49.33 - A tua salvação espero, ó Senhor [1364951134].opus","16-10-2022 - Gênesis 49.13-49.33 - A tua salvação espero, ó Senhor.txt",Reverendo Bruno Melo,54:45,1364951134,65,3285.708,1666047625,16-10-2022-genesis-4913-4933-a-tua-salvacao-espero-o-senhor,0oPMGSiYpmpcEHds6jVt2K,2022-10-16,7133,439,1.062953995157385,130.25503179223472,8.016537075114405,84.1
25-12-2022 - Efésios 1.14 - A garantia da nossa herança,True,True,True,Efésios 1.14 por Pastor Bruno Melo,25-12-2022 - Efésios 1.14 - A garantia da nossa herança [1421056624].opus,25-12-2022 - Efésios 1.14 - A garantia da nossa herança.txt,Reverendo Bruno Melo,47:14,1421056624,49,2834.547,1673393459,25-12-2022-efesios-114-a-garantia-da-nossa-heranca,00gE9QTZKlmjmOYeEj1Z0S,2022-12-25,6217,398,1.0257731958762886,131.59774736492287,8.424626580543558,84.1
28-07-2024 - Efésios 6.14-15,True,True,True,Efésios 6.14-15 por Pastor Bruno Melo,28-07-2024 - Efésios 6.14-15 [1887935607].opus,28-07-2024 - Efésios 6.14-15.txt,Reverendo Bruno Melo,49:03,1887935607,42,2943.948,1722655478,28-07-2024-efesios-614-15,7v5u2czwcxZemLzshDzJFQ,2024-07-28,6510,429,1.0165876777251184,132.67897394926814,8.743360956103844,84.1
01-09-2024 - Efésios 6.18 - Toda oração,True,True,True,Efésios 6.18 por Pastor Bruno Melo,01-09-2024 - Efésios 6.18 - Toda oração [1929124778].opus,01-09-2024 - Efésios 6.18 - Toda oração.txt,Reverendo Bruno Melo,50:36,1929124778,18,3036.108,1728085804,01-09-2024-efesios-618-toda-oracao,28P2sgx2g4T6VyLk1Rh8FA,2024-09-01,6818,417,1.0503778337531486,134.738289942255,8.240813567896794,84.1
23-07-2023 - Efésios 4.7-10 - Nosso grande e perfeito Conquistador,True,True,True,Efésios 4.7-10 por Pastor Bruno Melo,23-07-2023 - Efésios 4.7-10 - Nosso grande e perfeito Conquistador [1577600830].opus,23-07-2023 - Efésios 4.7-10 - Nosso grande e perfeito Conquistador.txt,Reverendo Bruno Melo,50:52,1577600830,36,3052.591,1690642606,23-07-2023-efesios-47-10-nosso-grande-e-perfeito-conquistador,1RcewaQ0sQHufly8L2qHb7,2023-07-23,6881,384,1.0520547945205478,135.2490392587805,7.547686539074511,84.1
26-04-2020 - Mateus 5.13-16,True,True,True,,26-04-2020 - Mateus 5.13-16 [807579874].opus,26-04-2020 - Mateus 5.13-16.txt,Reverendo Bruno Melo,45:20,807579874,107,2720.653,1587917663,26-04-2020-mateus-513-16,5wG4CFLOfAO4SjaJT1CwGD,2020-04-26,6139,384,1.0185676392572944,135.38661490458358,8.468555159367991,84.1
20-03-2020 - Gênesis 34,True,True,True,Gênesis 33 por Pastor Bruno Melo,20-03-2020 - Gênesis 34 [1243337224].opus,20-03-2020 - Gênesis 34.txt,Reverendo Bruno Melo,49:46,1243337224,46,2986.005,1648942265,20-03-2020-genesis-34,14XjiOLhGeJbXBQJZGiXwD,2020-03-20,6914,436,1.0380952380952382,138.92809958456198,8.760869456012298,84.1
20-10-2024 - 1 Reis 17.2-16 - O cuidado de Deus,True,True,True,1 Reis 17.2-16 por Pastor Bruno Melo,20-10-2024 - 1 Reis 17.2-16 - O cuidado de Deus [1971232627].opus,20-10-2024 - 1 Reis 17.2-16 - O cuidado de Deus.txt,Reverendo Bruno Melo,50:35,1971232627,10,3035.272,1733077982,20-10-2024-1-reis-172-16-o-cuidado-de-deus,6NWQUrsR51Pu6sSeTRU7b4,2024-10-20,7057,461,1.0549199084668193,139.49985371986432,9.112857101439344,84.1
27-12-2020 - Mateus 7.24-29,True,True,True,Mateus 7.24-29 por Rev. Bruno Melo.,27-12-2020 - Mateus 7.24-29 [958258414].opus,27-12-2020 - Mateus 7.24-29.txt,Reverendo Bruno Melo,41:00,958258414,91,2460.578,1609617086,27-12-2020-mateus-724-29,3xvNLiZyf025hUPM1zoTDV,2020-12-27,5764,372,1.0191780821917809,140.55234176685315,9.071039406188302,84.1
14-11-2021 - Apocalipse 2.1-7,True,True,True,14-11-2021 - Apocalipse 2.1-7 por Pastor Ben-Hur,14-11-2021 - Apocalipse 2.1-7 [1176329533].opus,14-11-2021 - Apocalipse 2.1-7.txt,Pastor Ben-Hur,43:46,1176329533,48,2626.299,1639273948,14112021-apocalipse-21-7,48KEYEncn3AHYbNFplB2xS,2021-11-14,5307,306,1.1167883211678833,121.24285924793787,6.990826253979459,84.2
26-06-2022 - Habacuque 3,True,True,True,Habacuque 3 por Presbítero Humberto Elias,26-06-2022 - Habacuque 3 [1298947930].opus,26-06-2022 - Habacuque 3.txt,Presbítero Humberto Elias,45:51,1298947930,74,2751.399,1656861350,26-06-2022-habacuque-3,1N3lpwpkGJZ7JyUb5X7axz,2022-06-26,5827,306,1.0551724137931036,127.06990153009434,6.6729689150864715,84.2
23-01-2022 - Gênesis 29.1-30,True,True,True,Gênesis 29.1-30 por Pastor Bruno Melo,23-01-2022 - Gênesis 29.1-30 [1210547467].opus,23-01-2022 - Gênesis 29.1-30.txt,Reverendo Bruno Melo,49:56,1210547467,38,2996.82,1644099794,23-01-2022-genesis-291-30,5Z1JkICzeFRkp0pJtUL4uy,2022-01-23,6483,490,1.012396694214876,129.797585440567,9.810399022964342,84.2
25-08-2024 - Efésios 6.17 - Capacete e escudo,True,True,True,Efésios 6.17 por Pastor Bruno Melo,25-08-2024 - Efésios 6.17 - Capacete e escudo [1926048962].opus,25-08-2024 - Efésios 6.17 - Capacete e escudo.txt,Reverendo Bruno Melo,49:29,1926048962,23,2969.574,1727660517,25-08-2024-efesios-617-capacete-e-escudo,4Ii80szeywcdXukD5QQ8JA,2024-08-25,6709,433,1.0069767441860464,135.55479674862454,8.74872961576307,84.2
"31-12-2023 - Efésios 5.15,16 - ""Porque os dias são maus""",True,True,True,"Efésios 5.15,16 por Pastor Bruno Melo","31-12-2023 - Efésios 5.15,16 - ＂Porque os dias são maus＂ [1706591493].opus","31-12-2023 - Efésios 5.15,16 - -Porque os dias são maus-.txt",Reverendo Bruno Melo,54:43,1706591493,43,3283.069,1704247152,31-12-2023-efesios-51516-porque-os-dias-sao-maus,67MKgJ5AP9OPgzD756y91V,2023-12-31,7425,427,1.0621890547263682,135.6962037654402,7.803673940450231,84.2
27-10-2024 - 1 Reis 17.17-24 - A palavra de Deus e a ressurreição,True,True,True,1 Reis 17.17-24 por Pastor Bruno Melo,27-10-2024 - 1 Reis 17.17-24 - A palavra de Deus e a ressurreição [1971242619].opus,27-10-2024 - 1 Reis 17.17-24 - A palavra de Deus e a ressurreição.txt,Reverendo Bruno Melo,47:27,1971242619,9,2847.478,1733079077,27-10-2024-1-reis-1717-24-a-palavra-de-deus-e-a-ressurreicao,0n9ZfTRmul2KMA8mqXVddB,2024-10-27,6443,422,1.0792838874680306,135.7622429391904,8.892079236433082,84.2
"29-09-2024 - Efésios 6.21,22 - Tíquico, o irmão amado e fiel ministro do Senhor",True,True,True,"Efésios 6.21,22 por Pastor Bruno Melo","29-09-2024 - Efésios 6.21,22 - Tíquico, o irmão amado e fiel ministro do Senhor [1929153299].opus","29-09-2024 - Efésios 6.21,22 - Tíquico, o irmão amado e fiel ministro do Senhor.txt",Reverendo Bruno Melo,49:08,1929153299,47,2948.232,1728091564,29-09-2024-efesios-62122-tiquico-o-irmao-amado-e-fiel-ministro-do-senhor,75POPV50ekqSKf6BRMhxi6,2024-09-29,6674,419,1.0269607843137254,135.82377506247812,8.527144403832533,84.2
"17-11-2024 - 1 Reis 19.1-13a - ""Um cicio tranquilo e suave""",True,True,True,1 Reis 19.1-13a por Pastor Bruno Melo,17-11-2024 - 1 Reis 19.1-13a - ＂Um cicio tranquilo e suave＂ [1974902871].opus,17-11-2024 - 1 Reis 19.1-13a - ＂Um cicio tranquilo e suave＂ [1974902871].txt,Reverendo Bruno Melo,48:20,1974902871,8,2900.01,1733448634,17-11-2024-1-reis-191-13a-um-cicio-tranquilo-e-suave,6rVeGpT8CtDUZi89zz6RDi,2024-11-17,6397,403,1.1194444444444445,132.3512677542491,8.337902283095575,84.2
04-09-2022 - Tito 1,True,True,True,Tito 1 por Presbítero Humberto Elias,04-09-2022 - Tito 1 [1346066614].opus,04-09-2022 - Tito 1.txt,Presbítero Humberto Elias,50:20,1346066614,47,3020.225,1663492509,04-09-2022-tito-1,5BAVMBmzCMbsSnsKBr0ROF,2022-09-04,6279,346,1.0778816199376946,124.73905089852578,6.873660074994413,84.3
18-08-2024 - Efésios 6.16 - Escudo da fé,True,True,True,Efésios 6.16 por Pastor Bruno Melo,18-08-2024 - Efésios 6.16 - Escudo da fé [1912350524].opus,18-08-2024 - Efésios 6.16 - Escudo da fé.txt,Reverendo Bruno Melo,50:32,1912350524,37,3032.738,1725750107,18-08-2024-efesios-616-escudo-da-fe,1tSjBBA5H91F2WW6MD5fzf,2024-08-18,6565,448,1.0112866817155757,129.8826341081887,8.8632780015946,84.3
"17-09-2023 - Efésios 4.20-24 - ""Não foi assim que aprendestes a Cristo"" Parte III",True,True,True,Efésios 4.20-24 por Pastor Bruno Melo,17-09-2023 - Efésios 4.20-24 - ＂Não foi assim que aprendestes a Cristo＂ Parte III [1618714875].opus,17-09-2023 - Efésios 4.20-24 - -Não foi assim que aprendestes a Cristo- Parte III.txt,Reverendo Bruno Melo,52:24,1618714875,40,3144.046,1695001460,17-09-2023-efesios-420-24-nao-foi-assim-que-aprendestes-a-cristo-parte-iii,2CQvblQ24lyqujoTj6aRYe,2023-09-17,6887,438,1.0709046454767726,131.4293747610563,8.358656330091863,84.3
21-08-2022 - Gênesis 45,True,True,True,Gênesis 45 por Pastor Bruno Melo,21-08-2022 - Gênesis 45 [1337446996].opus,21-08-2022 - Gênesis 45.txt,Reverendo Bruno Melo,51:14,1337446996,58,3074.403,1662295259,21-08-2022-genesis-45,4M2iE0VqS4uNdbqbC2BPiU,2022-08-21,6747,429,1.0190023752969122,131.67434458006971,8.372357169831021,84.3
"04-06-2023 - Efésios 3.11-13 - ""Nas minhas tribulações...está a vossa glória""",True,True,True,Efésios 3.11-13 por Pastor Bruno Melo,04-06-2023 - Efésios 3.11-13 - ＂Nas minhas tribulações...está a vossa glória＂ [1543802539].opus,04-06-2023 - Efésios 3.11-13 - -Nas minhas tribulações...está a vossa glória-.txt,Reverendo Bruno Melo,50:05,1543802539,34,3005.466,1687110127,04-06-2023-efesios-311-13-nas-minhas-tribulacoesesta-a-vossa-gloria,3XdwvDRCzLMn9V34L5KRId,2023-06-04,6603,377,1.0328767123287672,131.81982428016155,7.526287104894882,84.3
14-07-2024 - Efésios 6.10-13 (II) - Quem é o seu inimigo?,True,True,True,Efésios 6.10-13 (II) por Pastor Bruno Melo,14-07-2024 - Efésios 6.10-13 (II) - Quem é o seu inimigo？ [1876859949].opus,14-07-2024 - Efésios 6.10-13 (II) - Quem é o seu inimigo-.txt,Reverendo Bruno Melo,49:23,1876859949,21,2963.122,1721518223,14-07-2024-efesios-610-13-ii-quem-e-o-seu-inimigo,63vSPxbKl62oo0zxn2BtS3,2024-07-14,6588,415,1.0892388451443569,133.3998397636007,8.403298952928703,84.3
16-06-2024 - Efésios 6.9 - O Senhor está nos céus,True,True,True,Efésios 6.9 por Pastor Bruno Melo,16-06-2024 - Efésios 6.9 - O Senhor está nos céus [1855454256].opus,16-06-2024 - Efésios 6.9 - O Senhor está nos céus.txt,Reverendo Bruno Melo,47:20,1855454256,24,2840.189,1719193994,16-06-2024-efesios-69-o-senhor-esta-nos-ceus,0sQ66PBFjk6OAE7kbPnKMJ,2024-06-16,6352,349,1.087227414330218,134.1882529648555,7.372748785380128,84.3
31-07-2022 - Gênesis 44,True,True,True,Gênesis 44 por Pastor Bruno Melo,31-07-2022 - Gênesis 44 [1324609336].opus,31-07-2022 - Gênesis 44.txt,Reverendo Bruno Melo,49:37,1324609336,42,2977.463,1660581008,31-07-2022-genesis-44,4bEp7hy6IIOODB2q3itQBB,2022-07-31,6735,507,1.0079522862823063,135.71957065461436,10.216751643933106,84.3
21-01-2024 - Efésios 5.17-21 - Cheios da Palavra e do Espírito,True,True,True,,21-01-2024 - Efésios 5.17-21 - Cheios da Palavra e do Espírito [1728934092].opus,21-01-2024 - Efésios 5.17-21 - Cheios da Palavra e do Espírito.txt,Reverendo Bruno Melo,52:09,1728934092,74,3129.809,1706322401,21-01-2024-efesios-517-21-cheios-da-palavra-e-do-espirito,5tHvOaZl1k0HxmC5oMbC0M,2024-01-21,7266,408,1.0408163265306123,139.29284502664538,7.821563552280666,84.3
03-11-2024 - EBD - CFW 8 - Do livre arbítrio,True,True,True,CFW 8 - Do livre arbítrio por Seminarista Fabrício Zamboni,03-11-2024 - EBD - CFW 8 - Do livre arbítrio [1971248099].opus,03-11-2024 - EBD - CFW 8 - Do livre arbítrio.txt,Seminarista Fabrício Zamboni,1:06:18,1971248099,9,3978.109,1733079700,03-11-2024-ebd-cfw-8-do-livre-arbitrio,5fx5tr9buXvNBYxMb0RlKC,2024-11-03,7804,516,1.034068136272545,117.70416547158462,7.782592181360541,84.4
"03-11-2024 - 1 Reis 18 - Antes da chuva, fogo",True,True,True,1 Reis 18 por Pastor Bruno Melo,"03-11-2024 - 1 Reis 18 - Antes da chuva, fogo [1971253147].opus","03-11-2024 - 1 Reis 18 - Antes da chuva, fogo.txt",Reverendo Bruno Melo,52:59,1971253147,11,3179.572,1733080305,03-11-2024-1-reis-18-antes-da-chuva-fogo,4hpFhGEdcma9mwNKVOLkRj,2024-11-03,6749,430,1.0411622276029056,127.35676374052859,8.114299660457444,84.4
17-12-2023 - Efésios 5.5-7,True,True,True,Efésios 5.5-7 por Pastor Bruno Melo,17-12-2023 - Efésios 5.5-7 [1701806817].opus,17-12-2023 - Efésios 5.5-7.txt,Reverendo Bruno Melo,52:25,1701806817,44,3145.874,1703758382,17-12-2023-efesios-55-7,6gB575cirMflj3E7RuoC4H,2023-12-17,6794,409,1.0407124681933841,129.57925206158924,7.800693861229026,84.4
22-01-2023 - Efésios 1.20 - Poder da ressureição e ascenção de Cristo,True,True,True,Efésios 1.20 por Pastor Bruno Melo,22-01-2023 - Efésios 1.20 - Poder da ressureição e ascenção de Cristo [1438669048].opus,22-01-2023 - Efésios 1.20 - Poder da ressureição e ascenção de Cristo.txt,Reverendo Bruno Melo,49:32,1438669048,58,2972.264,1675384664,22-01-2023-efesios-120-poder-da-ressureicao-e-ascencao-de-cristo,0rPmwHbpEBnLWtdWYBYYZt,2023-01-22,6529,414,1.0222222222222221,131.79852126190676,8.35726570721847,84.4
04-02-2024 - Efésios 5.20 - Por tudo? Sempre?,True,True,True,Efésios 5.20 por Pastor Bruno Melo,04-02-2024 - Efésios 5.20 - Por tudo？ Sempre？ [1750069524].opus,04-02-2024 - Efésios 5.20 - Por tudo- Sempre-.txt,Reverendo Bruno Melo,48:03,1750069524,37,2883.527,1708194454,04-02-2024-efesios-520-por-tudo-sempre,36XAfpunEBFLNwIMjGR6Tj,2024-02-04,6407,388,1.0237467018469657,133.31590097821177,8.073446165061052,84.4
"01-10-2023 - Efésios 4.26,27 - ""Irai-vos e não pequeis""",True,True,True,"Efésios 4.26,27 por Pastor Bruno Melo","01-10-2023 - Efésios 4.26,27 - ＂Irai-vos e não pequeis＂ [1630216476].opus","01-10-2023 - Efésios 4.26,27 - -Irai-vos e não pequeis-.txt",Reverendo Bruno Melo,52:48,1630216476,59,3168.235,1696210727,01-10-2023-efesios-42627-irai-vos-e-nao-pequeis,1bR9bFLifpRGlRfNila3vV,2023-10-01,7043,426,1.0240384615384615,133.38025746196226,8.067583370551743,84.4
10-12-2023 - 1 Coríntios 1.1-3,True,True,True,1 Coríntios 1.1-3 por Pastor Danilo,10-12-2023 - 1 Coríntios 1.1-3 [1701793038].opus,10-12-2023 - 1 Coríntios 1.1-3.txt,Pastor Danilo,34:36,1701793038,33,2076.186,1703757179,10-12-2023-1-corintios-11-3,1W911cJsuKh8FXImlWPeby,2023-12-10,4604,323,1.0521172638436482,133.0516630012918,9.334423794399923,84.5
"24-12-2023 - Efésios 5.8-14 - ""E Cristo te iluminará""",True,True,True,Efésios 5.8-14 por Pastor Bruno Melo,24-12-2023 - Efésios 5.8-14 - ＂E Cristo te iluminará＂ [1706554227].opus,24-12-2023 - Efésios 5.8-14 - -E Cristo te iluminará-.txt,Reverendo Bruno Melo,50:16,1706554227,33,3016.542,1704242344,24-12-2023-efesios-58-14-e-cristo-te-iluminara,77IR8gnCDwt9TxauF268IC,2023-12-24,6850,464,1.0065075921908895,136.24872453292545,9.229110683690132,84.5
"29-01-2023 - Efésios 1.21-23 - ""Cristo e a Igreja""",True,True,True,Efésios 1.21-23 por Pastor Bruno Melo,29-01-2023 - Efésios 1.21-23 - ＂Cristo e a Igreja＂ [1440335845].opus,29-01-2023 - Efésios 1.21-23 - -Cristo e a Igreja-.txt,Reverendo Bruno Melo,49:07,1440335845,54,2947.082,1675617746,29-01-2023-efesios-121-23-cristo-e-a-igreja,4q2BYfqMMNVBhThFfbnpKj,2023-01-29,6620,381,1.0495867768595042,134.7773831878448,7.75682522576569,84.6
10-04-2022 - Gênesis 35.5-15,True,True,True,Gênesis 35.5-15 por Pastor Bruno Melo,10-04-2022 - Gênesis 35.5-15 [1256014420].opus,10-04-2022 - Gênesis 35.5-15.txt,Reverendo Bruno Melo,46:50,1256014420,42,2810.149,1650802295,10-04-2022-genesis-355-15,6bg3LdKfU3nGfOr3d33U1V,2022-04-10,6364,449,1.0044742729306488,135.8789160290077,9.586680279230746,84.6
"06-10-2024 - Efésios 6.23,24 - Paz e graça",True,True,True,"Efésios 6.23,24 por Pastor Bruno Melo","06-10-2024 - Efésios 6.23,24 - Paz e graça [1938328931].opus","06-10-2024 - Efésios 6.23,24 - Paz e graça.txt",Reverendo Bruno Melo,49:51,1938328931,73,2991.073,1729449650,06-10-2024-efesios-62324-paz-e-graca,13zhG43kC2FcYvK4E9CgGj,2024-10-06,7006,409,1.0354430379746835,140.53819482172452,8.204413600069273,84.6
05-09-2021 - Eclesiastes 3.1-2a,True,True,True,Eclesiastes 3.1-2a por Pastor Lucas Antunes,05-09-2021 - Eclesiastes 3.1-2a [1120415719].opus,05-09-2021 - Eclesiastes 3.1-2a.txt,Pastor Lucas Antunes,34:21,1120415719,94,2061.009,1631027331,05-09-2021-eclesiastes-31-2a,6BxU92TVyhRfKf96ufBo9i,2021-09-05,3663,303,1.0236486486486487,106.63708892100908,8.82092217937913,84.7
05-12-2023 - Marcos 1.1-15,True,True,True,Marcos 1.1-15 por Reverendo Ludgero Neto,05-12-2023 - Marcos 1.1-15 [1453484566].opus,05-12-2023 - Marcos 1.1-15.txt,Reverendo Ludgero Neto,48:12,1453484566,43,2892.382,1677107416,05-12-2023-marcos-11-15,1Stf6FlDksRk6b9oUaAzg9,2023-12-05,5897,349,1.0417910447761194,122.32824018404207,7.239707618150023,84.7
24-09-2023 - Efésios 4.25 - Qual o custo das mentiras?,True,True,True,Efésios 4.25 por Pastor Bruno Melo,24-09-2023 - Efésios 4.25 - Qual o custo das mentiras？ [1625788737].opus,24-09-2023 - Efésios 4.25 - Qual o custo das mentiras-.txt,Reverendo Bruno Melo,51:05,1625788737,56,3065.26,1695730063,24-09-2023-efesios-425-qual-o-custo-das-mentiras,58Vryllng7vCUZh8AVwAlf,2023-09-24,6761,424,1.0241545893719808,132.34113908771195,8.29945909971748,84.7
06/02/2022 - Gênesis 30.25-31.16,True,True,True,Gênesis 30.25-31.16 por Pastor Bruno Melo,06⧸02⧸2022 - Gênesis 30.25-31.16 [1220839258].opus,06-02-2022 - Gênesis 30.25-31.16.txt,Reverendo Bruno Melo,49:56,1220839258,49,2996.872,1645575982,06022022-genesis-3025-3116,0oKXiqTxC8lLn6fzjUOa9n,2022-02-06,6748,435,1.0235294117647058,135.1008651687493,8.70908066810995,84.7
15-10-2023 - Efésios 4.29 - Palavras,True,True,True,Efésios 4.29 por Pastor Bruno Melo,15-10-2023 - Efésios 4.29 - Palavras [1641501450].opus,15-10-2023 - Efésios 4.29 - Palavras.txt,Reverendo Bruno Melo,52:23,1641501450,52,3143.236,1697419254,15-10-2023-efesios-429-palavras,2pj93cyJrHXt7XnP634bhi,2023-10-15,7132,395,1.0533333333333332,136.13995258389764,7.5400001781603425,84.7
05-11-2023 - Efésios 4.30 - A tristeza e a alegria do espírito,True,True,True,Efésios 4.30 por Pastor Bruno Melo,05-11-2023 - Efésios 4.30 - A tristeza e a alegria do espírito [1674376659].opus,05-11-2023 - Efésios 4.30 - A tristeza e a alegria do espírito.txt,Reverendo Bruno Melo,52:06,1674376659,40,3126.936,1700923647,05-11-2023-efesios-430-a-tristeza-e-a-alegria-do-espirito,5t3PoguBnch9mJeiycbTLp,2023-11-05,6843,408,1.0381679389312977,131.30425438832134,7.828749932841606,84.8
31-03-2024 - Efésios 5.22-24 - Submissão,True,True,True,Efésios 5.22-24 por Pastor Bruno Melo,31-03-2024 - Efésios 5.22-24 - Submissão [1791187507].opus,31-03-2024 - Efésios 5.22-24 - Submissão.txt,Reverendo Bruno Melo,49:17,1791187507,65,2957.27,1712101184,31-03-2024-efesios-522-24-submissao,0WTeMymBkY6qDTuRs5zAVz,2024-03-31,6513,442,1.0303030303030303,132.142144613106,8.967730372945319,84.8
28-11-2021 - Eclesiastes 3.3b-5,True,True,True,Eclesiastes 3.3b-5 por Pastor Lucas Antunes,28-11-2021 - Eclesiastes 3.3b-5 [1176587521].opus,28-11-2021 - Eclesiastes 3.3b-5.txt,Pastor Lucas Antunes,39:02,1176587521,46,2342.243,1639328594,28-11-2021-eclesiastes-33b-5,2o82o8k7A0OorO959ADYKn,2021-11-28,4210,355,1.0790273556231003,107.84534311768677,9.09384722251278,84.9
"16-06-2024 - EBD - CFW 2 - ""Deleitando-se na Trindade """,True,True,True,"CFW - Capítulo 2 -""Deleitando-se na Trindade "" por Seminarista Fabrício Zamboni",16-06-2024 - EBD - CFW 2 - ＂Deleitando-se na Trindade ＂ [1855440861].opus,16-06-2024 - EBD - CFW 2 - -Deleitando-se na Trindade -.txt,Seminarista Fabrício Zamboni,58:15,1855440861,19,3495.889,1719191806,16-06-2024-ebd-cfw-capitulo-2-deleitando-se-na-trindade,2c7XuQNvtj5ketSbzErYJF,2024-06-16,6391,464,1.0403587443946187,109.6888373744132,7.96363957780124,84.9
"03-09-2023 - Efésios 4.17-20 - ""Não foi assim que aprendestes a Cristo"" Parte II",True,True,True,Efésios 4.17-20 por Pastor Bruno Melo,03-09-2023 - Efésios 4.17-20 - ＂Não foi assim que aprendestes a Cristo＂ Parte II [1612549236].opus,03-09-2023 - Efésios 4.17-20 - -Não foi assim que aprendestes a Cristo- Parte II.txt,Reverendo Bruno Melo,47:43,1612549236,34,2863.987,1694302235,03-09-2023-efesios-417-20-nao-foi-assim-que-aprendestes-a-cristo-parte-ii,5621WqjNfVeakfvNNziKLn,2023-09-03,6334,380,1.0764872521246458,132.69613304808996,7.960929990254844,84.9
"12-03-2023 - Efésios 2.8-10-Sola Scriptura, Solus Christus, Sola Fide, Sola Gratia, Soli Deo Gloria",True,True,True,Efésios 2.8-10 por Pastor Bruno Melo,"12-03-2023 - Efésios 2.8-10-Sola Scriptura, Solus Christus, Sola Fide, Sola Gratia, Soli Deo Gloria [1488260293].opus","12-03-2023 - Efésios 2.8-10-Sola Scriptura, Solus Christus, Sola Fide, Sola Gratia, Soli Deo Gloria.txt",Reverendo Bruno Melo,47:27,1488260293,55,2847.504,1680991214,12-03-2023-efesios-28-10-sola-scriptura-solus-christus-sola-fide-sola-gratia-soli-deo-gloria,10lDbdbptS0lnuA4QDkbKC,2023-03-12,6525,431,1.041062801932367,137.4888323247307,9.08163781332704,84.9
"27-08-2023 - Efésios 4.17-20 - ""Não foi assim que aprendestes a Cristo"" Parte I",True,True,True,Efésios 4.17-20 por Pastor Bruno Melo,27-08-2023 - Efésios 4.17-20 - ＂Não foi assim que aprendestes a Cristo＂ Parte I [1612339044].opus,27-08-2023 - Efésios 4.17-20 - -Não foi assim que aprendestes a Cristo- Parte I.txt,Reverendo Bruno Melo,50:13,1612339044,34,3013.094,1694278787,27-08-2023-efesios-417-20-nao-foi-assim-que-aprendestes-a-cristo-parte-i,22TyqBUAa9yoqMxu1E1pLQ,2023-08-27,6387,371,1.033426183844011,127.18488039204883,7.387754912392378,85.0
03-04-2022 - Gênesis 35.1-4,True,True,True,Gênesis 35.1-4 por Pastor Bruno Melo,03-04-2022 - Gênesis 35.1-4 [1255835782].opus,03-04-2022 - Gênesis 35.1-4.txt,Reverendo Bruno Melo,46:35,1255835782,50,2795.886,1650762607,03-04-2022-genesis-351-4,6titdPnEXfxzjVFzWDoRqA,2022-04-03,6221,379,1.0079787234042554,133.50329734474153,8.133378828750528,85.0
"26-02-2023 - Efésios 2.4-5 - ""Mas Deus""",True,True,True,Efésios 2.4-5 por Pastor Bruno Melo,26-02-2023 - Efésios 2.4-5 - ＂Mas Deus＂ [1461931426].opus,26-02-2023 - Efésios 2.4-5 - -Mas Deus-.txt,Reverendo Bruno Melo,50:37,1461931426,51,3037.466,1678038016,26-02-2023-efesios-24-5-mas-deus,5es3lxTxX7ZSq1iOw0f4ye,2023-02-26,6390,444,1.0206896551724138,126.22363509583319,8.770468541870098,85.1
"23-04-2023 - Efésios 2.19-22 - ""E, vindo, evangelizou paz""",True,True,True,Efésios 2.19-22 por Pastor Bruno Melo,"23-04-2023 - Efésios 2.19-22 - ＂E, vindo, evangelizou paz＂ [1519128067].opus","23-04-2023 - Efésios 2.19-22 - -E, vindo, evangelizou paz-.txt",Reverendo Bruno Melo,16:04,1519128067,44,964.728,1684688419,23-04-2023-efesios-219-22-e-vindo-evangelizou-paz,4cof2VT0L0Yl5Z4Q669n82,2023-04-23,2163,130,1.0077519379844961,134.52496454959328,8.08518048610593,85.1
01-05-2022 - Gênesis 35.16-20,True,True,True,Gênesis 35.16-20 por Pastor Bruno Melo,01-05-2022 - Gênesis 35.16-20 [1268828482].opus,01-05-2022 - Gênesis 35.16-20.txt,Reverendo Bruno Melo,45:25,1268828482,42,2725.068,1652636595,01-05-2022-genesis-3516-20,6Zk1WorHS1e6qA6e6rpaeF,2022-05-01,6142,382,1.0437158469945356,135.23332261800437,8.410799290146153,85.1
26-05-2024 - EBD - CFW 2 -  De Deus e da Santíssima Trindade,True,True,True,CFW - Capítulo 2 -  De Deus e da Santíssima Trindade por Seminarista Fabrício Zamboni,26-05-2024 - EBD - CFW 2 -  De Deus e da Santíssima Trindade [1830909057].opus,26-05-2024 - EBD - CFW 2 -  De Deus e da Santíssima Trindade.txt,Seminarista Fabrício Zamboni,1:05:53,1830909057,34,3953.215,1716768834,26-05-2024-ebd-cfw-capitulo-2-de-deus-e-da-santissima-trindade,3gF5yzyMtkDPFjgmvKJjPy,2024-05-26,7615,498,1.0396659707724425,115.57681532625978,7.5584049944159375,85.2
"14-04-2024 - Efésios 5.26,30 - ""Egoísmo"" cristão",True,True,True,"Efésios 5.26,30 por Pastor Bruno Melo","14-04-2024 - Efésios 5.26,30 - ＂Egoísmo＂ cristão [1801026820].opus","14-04-2024 - Efésios 5.26,30 - -Egoísmo- cristão.txt",Reverendo Bruno Melo,43:46,1801026820,49,2626.247,1713174042,14-04-2024-efesios-52630-egoismo-cristao,1WpQN0veuQzDw80vTOfv29,2024-04-14,5862,274,1.36318407960199,133.92495069961052,6.259883400152384,85.2
11-08-2024 - João 6.60-71 - Quem você diz que é Jesus?,True,True,True,João 6.60-71 por Seminarista Fabrício Zamboni,11-08-2024 - João 6.60-71 - Quem você diz que é Jesus？ [1903802087].opus,11-08-2024 - João 6.60-71 - Quem você diz que é Jesus-.txt,Seminarista Fabrício Zamboni,55:06,1903802087,22,3306.005,1724605189,11-08-2024-joao-660-71-quem-voce-diz-que-e-jesus,3qKtOyNR1TGknP5hMAmMXa,2024-08-11,6257,448,1.018181818181818,113.55699704023435,8.130659209529325,85.3
25-09-2022 - Aplicações da Cristologia na Teologia do Culto (pt.2),True,True,True,"IV Conferência Peregrinos - Aplicações da Cristologia na Teologia do Culto, no Aconselhamento e na Ética Cristã - Por Reverendo Alan Rennê Alexandrino",25-09-2022 - Aplicações da Cristologia na Teologia do Culto (pt.2) [1350778393].opus,IV Conferência Peregrinos_25-09-2022 - Aplicações da Cristologia na Teologia do Culto (pt.2).txt,Reverendo Alan Rennê Alexandrino,59:50,1350778393,53,3590.087,1664131697,25-09-2022-aplicacoes-da-cristologia-na-teologia-do-culto-pt2,2qnSxqUX5JhBcQa7Q8XE2Q,2022-09-25,7784,460,1.0360360360360361,130.09155488432452,7.687835977233978,85.3
31-12-2023 - EBD - Atos 15.1-6,True,True,True,Atos 15.1-6 por Seminarista Fabrício Zamboni,31-12-2023 - EBD - Atos 15.1-6 [1706566149].opus,31-12-2023 - EBD - Atos 15.1-6.txt,Seminarista Fabrício Zamboni,50:45,1706566149,44,3045.825,1704243962,31-12-2023-ebd-atos-151-6,1GkQHcECEdLYJCdbTjtEmN,2023-12-31,5465,333,1.0246153846153847,107.65556130112532,6.5597990692177,85.5
24-09-2022 - Aplicações da Cristologia na Teologia do Culto,True,True,True,"IV Conferência Peregrinos - Aplicações da Cristologia na Teologia do Culto, no Aconselhamento e na Ética Cristã - Por Reverendo Alan Rennê Alexandrino",24-09-2022 - Aplicações da Cristologia na Teologia do Culto [1350463276].opus,IV Conferência Peregrinos_24-09-2022 - Aplicações da Cristologia na Teologia do Culto.txt,Reverendo Alan Rennê Alexandrino,59:33,1350463276,53,3573.002,1664069610,24-09-2022-aplicacoes-da-cristologia-na-teologia-do-culto,7fomuwody9EJa9TrkFXj37,2022-09-24,8078,472,1.0465631929046564,135.65063775503066,7.926108073826995,85.5
09-06-2024 - EBD - CFW 2 -Autossuficiência de Deus,True,True,True,CFW - Capítulo 2 -Autossuficiência de Deus por Seminarista Fabrício Zamboni,09-06-2024 - EBD - CFW 2 -Autossuficiência de Deus [1855434897].opus,09-06-2024 - EBD - CFW 2 -Autossuficiência de Deus.txt,Seminarista Fabrício Zamboni,52:07,1855434897,25,3127.589,1719190604,09-06-2024-ebd-cfw-capitulo-2-autossuficiencia-de-deus,0aSx7jQnVzNFbrwiYWVuaW,2024-06-09,5573,394,1.012853470437018,106.91302469729878,7.5585379025185215,85.6
"08-09-2024 - EBD - CFW 7 - Do pacto de Deus com o homem - ""Pacto de Obras""",True,True,True,"CFW 7 - Do pacto de Deus com o homem - ""Pacto de Obras"" por Seminarista Fabrício Zamboni",08-09-2024 - EBD - CFW 7 - Do pacto de Deus com o homem - ＂Pacto de Obras＂ [1929127214].opus,08-09-2024 - EBD - CFW 7 - Do pacto de Deus com o homem - -Pacto de Obras-.txt,Seminarista Fabrício Zamboni,50:27,1929127214,15,3027.54,1728086348,08-09-2024-ebd-cfw-7-do-pacto-de-deus-com-o-homem-pacto-de-obras,04ogrnWgBMAhqmAeNoVzxr,2024-09-08,5423,396,1.0153846153846153,107.47339424086883,7.847955766067501,85.6
07-01-2024 - EBD - Atos 15.7-41,True,True,True,Atos 15.7-41 por Seminarista Fabrício Zamboni,07-01-2024 - EBD - Atos 15.7-41 [1710985782].opus,07-01-2024 - EBD - Atos 15.7-41.txt,Seminarista Fabrício Zamboni,1:01:59,1710985782,63,3719.419,1704653936,07-01-2024-ebd-atos-157-41,1HxjM80fROoJzwtG5ol8Nl,2024-01-07,6744,398,1.0337662337662337,108.7911848597859,6.420357588107175,85.6
15-09-2024 - EBD - CFW 7 - Do pacto de Deus com o homem - Parte II,True,True,True,CFW 7 - Do pacto de Deus com o homem - Parte II por Seminarista Fabrício Zamboni,15-09-2024 - EBD - CFW 7 - Do pacto de Deus com o homem - Parte II [1929130661].opus,15-09-2024 - EBD - CFW 7 - Do pacto de Deus com o homem - Parte II.txt,Seminarista Fabrício Zamboni,1:04:32,1929130661,16,3872.392,1728087097,15-09-2024-ebd-cfw-7-do-pacto-de-deus-com-o-homem-parte-ii,1bYJu58TCpSM4fEvh6zFYC,2024-09-15,7371,482,1.0343347639484979,114.20847889366573,7.468252181080841,85.6
31-03-2024 - EBD - Atos 20.17-38,True,True,True,Atos 20.17-38 por Seminarista Fabrício Zamboni,31-03-2024 - EBD - Atos 20.17-38 [1789417621].opus,31-03-2024 - EBD - Atos 20.17-38.txt,Seminarista Fabrício Zamboni,55:01,1789417621,43,3301.486,1711934348,31-03-2024-ebd-atos-2017-38,3BcpcKZstVXpNOGyhXesnG,2024-03-31,6434,408,1.0303030303030303,116.9291646246569,7.414842891958349,85.6
12-01-2020 - Salmo 15,True,True,True,,12-01-2020 - Salmo 15 [745716796].opus,12-01-2020 - Salmo 15.txt,Pastor André,36:17,745716796,94,2177.933,1579394163,12-02-2020-salmo-15,6q6NFnBB3NpDUTjXNa919X,2020-01-12,4729,284,1.079847908745247,130.27948977310137,7.823932141163203,85.6
10-10-2021 - Eclesiastes 3.2b-3a,True,True,True,Eclesiastes 3.2b-3a por Pastor Lucas Antunes,10-10-2021 - Eclesiastes 3.2b-3a [1164188455].opus,10-10-2021 - Eclesiastes 3.2b-3a.txt,Pastor Lucas Antunes,36:01,1164188455,48,2161.11,1637517466,10-10-2021-eclesiastes-32b-3a,0GsaPi192OqQzKrs9fPyUY,2021-10-10,3888,305,1.0374149659863945,107.94452850618431,8.46787067756847,85.8
17-09-2023 - EBD - Judas - Parte III,True,True,True,Judas - Parte III por Seminarista Fabrício Zamboni,17-09-2023 - EBD - Judas - Parte III [1618711698].opus,17-09-2023 - EBD - Judas - Parte III.txt,Seminarista Fabrício Zamboni,1:01:53,1618711698,34,3713.384,1695000871,17-09-2023-ebd-judas-parte-iii,1C06t0MNTzLLg5i01LArQd,2023-09-17,6640,405,1.0305343511450382,107.28758458591948,6.543896348990571,85.9
18-02-2024 - EBD - Atos 18.1-11,True,True,True,Atos 18.1-11 por Seminarista Fabrício Zamboni,18-02-2024 - EBD - Atos 18.1-11 [1750735278].opus,18-02-2024 - EBD - Atos 18.1-11.txt,Seminarista Fabrício Zamboni,1:02:19,1750735278,42,3739.011,1708280684,18-02-2024-ebd-atos-181-11,5yDf7kzzvUNkVrcjgnWaUH,2024-02-18,6961,487,1.0145833333333334,111.70333545421502,7.814900785261129,85.9
18-12-2022 - EBD - Sola Scriptura,True,True,True,Sola Scriptura por Fabrício Zamboni,18-12-2022 - EBD - Sola Scriptura [1420250629].opus,18-12-2022 - EBD - Sola Scriptura.txt,Seminarista Fabrício Zamboni,1:03:43,1420250629,53,3823.595,1673304430,18-12-2022-ebd-sola-scriptura,25986zVl6AR2qB7S64OeCA,2022-12-18,7142,455,1.0201793721973094,112.07253906336838,7.139877523639402,85.9
24-09-2022 - Aplicações da Cristologia na Ética Cristã,True,True,True,"IV Conferência Peregrinos - Aplicações da Cristologia na Teologia do Culto, no Aconselhamento e na Ética Cristã - Por Reverendo Alan Rennê Alexandrino",24-09-2022 - Aplicações da Cristologia na Ética Cristã [1350283645].opus,24-09-2022 - Aplicações da Cristologia na Ética Cristã.txt,Reverendo Alan Rennê Alexandrino,58:52,1350283645,51,3532.774,1664040532,24-09-2022-aplicacoes-da-cristologia-na-etica-crista,4o2DUZZm2v4laID6vYoSyP,2022-09-24,7790,469,1.0610859728506787,132.3039628348714,7.965411883126405,85.9
21-07-2024 - Levítico 10.1-3,True,True,True,Levítico 10.1-3 por Pr.  André,21-07-2024 - Levítico 10.1-3 [1880056293].opus,21-07-2024 - Levítico 10.1-3.txt,Pastor André,50:39,1880056293,27,3039.478,1721860469,21-07-2024-levitico-101-3,68tXYUkyBnzxA6HvU6BVzF,2024-07-21,6744,468,1.0064516129032257,133.12812265790376,9.238428440673037,85.9
09-01-2022 - Romanos 3.1-8,True,True,True,Romanos 3.1-8 por Pastor André,09-01-2022 - Romanos 3.1-8 [1199387824].opus,09-01-2022 - Romanos 3.1-8.txt,Pastor André,49:05,1199387824,52,2945.907,1642602171,09-01-2022-romanos-31-8,5PqJeAo3QPYHFKoMCBvX37,2022-01-09,6631,344,1.085173501577287,135.05517994967255,7.006331157093554,85.9
15-10-2023 - EBD - Atos 9.32-43,True,True,True,Atos 9.32-43 por Seminarista Fabrício Zamboni,15-10-2023 - EBD - Atos 9.32-43 [1641482028].opus,15-10-2023 - EBD - Atos 9.32-43.txt,Seminarista Fabrício Zamboni,54:21,1641482028,36,3261.649,1697416204,15-10-2023-ebd-atos-932-43,7Mxonfoa2HsdjP4I8jzZZQ,2023-10-15,5938,425,1.0191846522781776,109.23309037851713,7.818131258145804,86.0
10-09-2023 - Hebreus 11.8-13 - Contemplando o nosso lar,True,True,True,Hebreus 11.8-13 por Seminarista Fabrício Zamboni,10-09-2023 - Hebreus 11.8-13 - Contemplando o nosso lar [1613154825].opus,10-09-2023 - Hebreus 11.8-13 - Contemplando o nosso lar.txt,Seminarista Fabrício Zamboni,45:12,1613154825,40,2712.059,1694392907,10-09-2023-hebreus-118-13-contemplando-o-nosso-lar,1aG1xZtSDq26qgrvFx1ky4,2023-09-10,4968,344,1.0147492625368733,109.90911333418632,7.610453902367168,86.0
24-09-2023 - EBD - Judas - Parte IV,True,True,True,Judas - Parte IV por Seminarista Fabrício Zamboni,24-09-2023 - EBD - Judas - Parte IV [1625787492].opus,24-09-2023 - EBD - Judas - Parte IV.txt,Seminarista Fabrício Zamboni,1:01:14,1625787492,29,3674.044,1695729941,24-09-2023-ebd-judas-parte-iv,2Kte8jZ5QtuFa1gZggPCBR,2023-09-24,6850,458,1.0292134831460673,111.86583503082707,7.479496707170628,86.0
18-09-2021 - A Lei Moral e a Vida Cristã - Piedade e Não Legalismo (2),True,True,True,III Conferência Peregrinos - A Lei Moral e a Vida Cristã - Piedade e Não Legalismo por Pastor Alan Kleber,18-09-2021 - A Lei Moral e a Vida Cristã - Piedade e Não Legalismo (2) [1170141526].opus,18-09-2021 - A Lei Moral e a Vida Cristã - Piedade e Não Legalismo (2).txt,Pastor Alan Kleber,1:18:23,1170141526,51,4703.138,1638398329,18-09-2021-a-lei-moral-e-a-vida-crista-piedade-e-nao-legalismo-2,62aJ4n26vhLXe8LeA4svaR,2021-09-18,10132,567,1.0578358208955223,129.25838025590573,7.2334683779212945,86.0
23-09-2022 - Aplicações da Cristologia no Aconselhamento,True,True,True,"IV Conferência Peregrinos - Aplicações da Cristologia na Teologia do Culto, no Aconselhamento e na Ética Cristã - Por Reverendo Alan Rennê Alexandrino",23-09-2022 - Aplicações da Cristologia no Aconselhamento [1349931310].opus,23-09-2022 - Aplicações da Cristologia no Aconselhamento.txt,Reverendo Alan Rennê Alexandrino,52:57,1349931310,54,3177.482,1663985199,23-09-2022-aplicacoes-da-cristologia-no-aconselhamento,4Sl2MtOXRSfJP7CtWQcEAF,2022-09-23,7004,407,1.030379746835443,132.25566659386268,7.6853307115508445,86.0
17-11-2024 - EBD - CFW 11 - Da Justificação - O justo viverá pela fé - Rm 1.17,True,True,True,,17-11-2024 - EBD - CFW 11 - Da Justificação - O justo viverá pela fé - Rm 1.17 [1974897147].m4a,17-11-2024 - EBD - CFW 11 - Da Justificação - O justo viverá pela fé - Rm 1.17 [1974897147].txt,Seminarista Fabrício Zamboni,54:54,1974897147,7,3294.441,1733447797,17-11-2024-ebd-cfw-11-da-justificacao-o-justo-vivera-pela-fe-rm-117,0G4fFDio2PkzDp6ZSWkvyL,2024-11-17,6226,405,1.007462686567164,113.3910123143805,7.376061674803101,86.0
11-07-2021 - Lucas 4.1-13,True,True,True,Lucas 4.1-13 por Pastor André,11-07-2021 - Lucas 4.1-13 [1096975225].opus,11-07-2021 - Lucas 4.1-13.txt,Pastor André,49:42,1096975225,61,2982.557,1627646192,11-07-2021-lucas-41-13,67TH3v1VkXBioXaKWSGJRq,2021-07-11,6048,370,1.0601719197707737,121.66741490606886,7.443277697626567,86.1
18-09-2021 - A Lei Moral e a Vida Cristã - Piedade e Não Legalismo (3),True,True,True,III Conferência Peregrinos - A Lei Moral e a Vida Cristã - Piedade e Não Legalismo por Pastor Alan Kleber,18-09-2021 - A Lei Moral e a Vida Cristã - Piedade e Não Legalismo (3) [1170142129].opus,18-09-2021 - A Lei Moral e a Vida Cristã - Piedade e Não Legalismo (3).txt,Pastor Alan Kleber,1:37:03,1170142129,53,5823.112,1638398407,18-09-2021-a-lei-moral-e-a-vida-crista-piedade-e-nao-legalismo-3,0PYoVSpuYeFq7FqZ3NqXgc,2021-09-18,12341,771,1.0418918918918918,127.15881130227274,7.944205778628334,86.1
02-06-2024 - EBD - CFW 2 -  De Deus e da Santíssima Trindade II,True,True,True,CFW - Capítulo 2 -  De Deus e da Santíssima Trindade II por Seminarista Fabrício Zamboni,02-06-2024 - EBD - CFW 2 -  De Deus e da Santíssima Trindade II [1837930761].opus,02-06-2024 - EBD - CFW 2 -  De Deus e da Santíssima Trindade II.txt,Seminarista Fabrício Zamboni,58:43,1837930761,26,3523.082,1717546953,02-06-2024-ebd-cfw-capitulo-2-de-deus-e-da-santissima-trindade-ii,5j6NLLeCZZVda7ZQnTCBCM,2024-06-02,6337,446,1.002247191011236,107.92255190199944,7.59562224211642,86.3
28-05-2023 - Lucas 12.13-21 - Avareza: a grande tragédia,True,True,True,Lucas 12.13-21 por Seminarista Fabrício Zamboni,28-05-2023 - Lucas 12.13-21 - Avareza： a grande tragédia [1543326001].opus,28-05-2023 - Lucas 12.13-21 - Avareza- a grande tragédia.txt,Seminarista Fabrício Zamboni,41:41,1543326001,39,2501.277,1687042133,28-05-2023-lucas-1213-21-avareza-a-grande-tragedia,08bJ0ZQFoXo7YKVD2Ehiag,2023-05-28,4701,306,1.02,112.7663989234299,7.3402505999935235,86.3
25-09-2022 - João 20.24-29,True,True,True,João 20.24-29 por Reverendo Alan Rennê Alexandrino,25-09-2022 - João 20.24-29 [1350913930].opus,25-09-2022 - João 20.24-29.txt,Reverendo Alan Rennê Alexandrino,53:53,1350913930,68,3233.332,1664153927,25-09-2022-joao-2024-29,0un7k9rnY348IJkctBxIjX,2022-09-25,7077,487,1.020964360587002,131.32582735085666,9.037117128708095,86.3
13-08-2023 - EBD - Judas - Parte II,True,True,True,Carta de Judas por Seminarista Fabrício Zamboni,13-08-2023 - EBD - Judas - Parte II [1606658214].opus,13-08-2023 - EBD - Judas - Parte II.txt,Seminarista Fabrício Zamboni,49:27,1606658214,37,2967.876,1693662993,13-08-2023-ebd-judas-5-25,6WzIC9z98JjEYL85MUa37H,2023-08-13,5296,316,1.0293159609120521,107.06646773652268,6.38840706282877,86.4
26-11-2023 - EBD - Atos 12,True,True,True,Atos 12 por Seminarista Fabrício Zamboni,26-11-2023 - EBD - Atos 12 [1687317075].opus,26-11-2023 - EBD - Atos 12.txt,Seminarista Fabrício Zamboni,57:55,1687317075,41,3475.513,1702256092,26-11-2023-ebd-atos-12,3GJc7OoFJPmeYPzwyiY0c7,2023-11-26,6269,417,1.0121359223300972,108.22574969508099,7.198937250414543,86.4
19-09-2021 - Exôdo 20.22-26,True,True,True,Exôdo 20.22-26 por Reverendo Alan Kleber,19-09-2021 - Exôdo 20.22-26 [1142779435].opus,19-09-2021 - Exôdo 20.22-26.txt,Pastor Alan Kleber,1:00:22,1142779435,52,3622.296,1634380778,19-09-2021-exodo-2022-26,2YLHBUCF3zjUzLwLXSeFSJ,2021-09-19,7714,463,1.0427927927927927,127.77531157034103,7.66916894698832,86.5
06-08-2023 - EBD - Judas - Parte I,True,True,True,Carta de Judas por Seminarista Fabrício Zamboni,06-08-2023 - EBD - Judas - Parte I [1585047647].opus,06-08-2023 - EBD - Judas - Parte I.txt,Seminarista Fabrício Zamboni,54:18,1585047647,39,3258.436,1691345076,06-08-2023-ebd-judas-1-4,2rtRowBO20xQTxnn06DM6h,2023-08-06,5735,358,1.03768115942029,105.60281067358696,6.592119654951025,86.6
01-02-2026 - EBD - Evangelismo e Missões - A Armadura de Deus,True,True,True,Evangelismo e Missões - A Armadura de Deus por Pastor Bruno Melo,01-02-2026 - EBD - Evangelismo e Missões - A Armadura de Deus [2269875407].m4a,01-02-2026 - EBD - Evangelismo e Missões - A Armadura de Deus.txt,Reverendo Bruno Melo,37:41,2269875407,29,2261.576,1771543338,01-02-2026-ebd-evangelismo-e,,2026-02-01,5148,324,1.0485436893203883,136.57732483896186,8.59577568916543,85.3
01-02-2026 - Eclesiastes 32.12-15- Um chamado para o (extra)ordinário,True,True,True,Eclesiastes 32.12-15 por Pr. Lucas Antunes,01-02-2026 - Eclesiastes 32.12-15- Um chamado para o (extra)ordinário [2269881719].m4a,01-02-2026 - Eclesiastes 32.12-15- Um chamado para o (extra)ordinário.txt,Pastor Lucas Antunes,53:30,2269881719,28,3210.341,1771544326,01-02-2026-eclesiastes-32-12,,2026-02-01,5897,427,1.081012658227848,110.21259112349748,7.980460642654473,86.0
01-03-2026 - EBD - Evangelismo e Missões - O mundo ao lado,True,True,True,Evangelismo e Missões - O mundo ao lado  por Pr. Lucas Antunes,01-03-2026 - EBD - Evangelismo e Missões - O mundo ao lado [2293691186].m4a,01-03-2026 - EBD - Evangelismo e Missões - O mundo ao lado.txt,Pastor Lucas Antunes,1:02:04,2293691186,27,3724.568,1774920079,01-03-2026-ebd-evangelismo-e,,2026-03-01,7755,860,1.0287081339712918,124.92723988392747,13.853955680229223,78.5
01-06-2025 - 2 Pedro 1.5-7 - Músculos Espirituais： A Teologia do Esforço em Cristo,True,True,True,"2 Pedro 1.5-7 por Seminarista Fabrício Zamboni
",01-06-2025 - 2 Pedro 1.5-7 - Músculos Espirituais： A Teologia do Esforço em Cristo [2121602565].m4a,01-06-2025 - 2 Pedro 1.5-7 - Músculos Espirituais： A Teologia do Esforço em Cristo.txt,Seminarista Fabrício Zamboni,51:43,2121602565,41,3103.819,1751219942,01-06-2025-2-pedro-15-7-musculos-espirituais-a-teologia-do-esforco-em-cristo,4TBJSN4UIwZ5I6SUHVrZfF,2025-06-01,6054,437,1.0162790697674418,117.03002011393062,8.447657547041242,88.9
01-06-2025 - EBD - CFW 30 - Das Censuras Eclesiásticas,True,True,True,"CFW 30 - Das Censuras Eclesiásticas por Pastor Bruno Melo
",01-06-2025 - EBD - CFW 30 - Das Censuras Eclesiásticas [2121601809].m4a,01-06-2025 - EBD - CFW 30 - Das Censuras Eclesiásticas.txt,Reverendo Bruno Melo,51:17,2121601809,37,3077.455,1751219817,01-06-2025-ebd-cfw-30-das-censuras-eclesiasticas,0szNtDeZ0jC4gEdGtfre62,2025-06-01,7778,574,1.0323741007194245,151.6447844078955,11.191065344578556,79.3
02-02-2025 - 2 Reis 2.1-15 - Carruagens de fogo,True,True,True,2 Reis 2.1-15 por Pastor Bruno Melo,02-02-2025 - 2 Reis 2.1-15 - Carruagens de fogo [2028143080].m4a,02-02-2025 - 2 Reis 2.1-15 - Carruagens de fogo.txt,Reverendo Bruno Melo,52:09,2028143080,55,3129.271,1738885041,02-02-2025-2-reis-21-15-carruagens-de-fogo,2KzoAJ66YIIqr9W9lGjxGE,2025-02-02,6887,476,1.0236559139784946,132.04992472687726,9.126726320603105,85.4
02-02-2025 - EBD - CFW 10 - Da Liberdade Cristã e da Liberdade de Consciência,True,True,True,CFW 10 - Da Liberdade Cristã e da Liberdade de Consciência por Presbítero João Marcus,02-02-2025 - EBD - CFW 10 - Da Liberdade Cristã e da Liberdade de Consciência [2028129428].m4a,02-02-2025 - EBD - CFW 10 - Da Liberdade Cristã e da Liberdade de Consciência.txt,Presbítero João Marcus,56:15,2028129428,56,3375.168,1738884446,02-02-2025-ebd-cfw-10-da-liberdade-crista-e-da-liberdade-de-consciencia,6Jr57eJEhasMbFMHkW9vYK,2025-02-02,9710,753,1.0865800865800865,172.6136298993117,13.386000341316343,76.2
02-03-2025 - EBD - CFW 21 - Do Culto Religioso e do Domingo - Aula 4,True,True,True,"CFW 21 - Do Culto Religioso e do Domingo - Aula 4 por Presbítero César Miranda
",02-03-2025 - EBD - CFW 21 - Do Culto Religioso e do Domingo - Aula 4 [2051377792].m4a,02-03-2025 - EBD - CFW 21 - Do Culto Religioso e do Domingo - Aula 4.txt,Presbítero César Miranda,43:18,2051377792,42,2598.06,1741654091,02-03-2025-ebd-cfw-21-do-culto-religioso-e-do-domingo-aula-4,70VdcAs9qtZAusg7YubPfq,2025-03-02,6267,438,1.076167076167076,144.7310685665458,10.115239832798318,81.6
02-11-2025 - 2 Reis 15.8-31 - O Começo do fim,True,True,True,2 Reis 15.8-31 por Pastor Bruno Melo,02-11-2025 - 2 Reis 15.8-31 - O Começo do fim [2209143023].m4a,02-11-2025 - 2 Reis 15.8-31 - O Começo do fim.txt,Reverendo Bruno Melo,55:37,2209143023,54,3337.195,1762624634,02-11-2025-2-reis-158-31-o-comeco-do-fim,,2025-11-02,7097,516,1.0238095238095237,127.5981775113531,9.277252303206735,86.3
03-08-2025 - EBD - O Plano de Deus para a Humanidade - Parte III,True,True,True,O Plano de Deus para a Humanidade - Parte III por Presbítero Humberto Elias,03-08-2025 - EBD - O Plano de Deus para a Humanidade - Parte III [2150987076].m4a,03-08-2025 - EBD - O Plano de Deus para a Humanidade - Parte III.txt,Presbítero Humberto Elias,39:45,2150987076,41,2385.821,1754850137,03-08-2025-ebd-cfw-32-do-estado-do-homem-depois-da-morte-e-da-ressureicao-dos-mortos-e-cfw-33-do-juizo-final-parte-iii,7cilnO7kMjrpziyJ1GbiGi,2025-08-03,4835,407,1.0277777777777777,121.59336345853272,10.235470305609683,85.1
"04-05-2025 - 2 Reis 6.8-23 - ＂Abriu-lhes o SENHOR os olhos, e viram＂",True,True,True,2 Reis 6.8-23 por Pastor Bruno Melo,"04-05-2025 - 2 Reis 6.8-23 - ＂Abriu-lhes o SENHOR os olhos, e viram＂ [2099916186].m4a","04-05-2025 - 2 Reis 6.8-23 - ＂Abriu-lhes o SENHOR os olhos, e viram＂.txt",Reverendo Bruno Melo,53:53,2099916186,47,3233.862,1747869593,04-05-2025-2-reis-68-23-abriu-lhes-o-senhor-os-olhos-e-viram,1cax0fzHNgG2xsMBdEYMDv,2025-05-04,7175,513,1.0555555555555556,133.12256367154814,9.518031381673058,85.2
04-05-2025 - EBD - CFW 27 - Dos Sacramentos,True,True,True,"CFW 27 - Dos Sacramentos por Seminarista Fabrício Zamboni
",04-05-2025 - EBD - CFW 27 - Dos Sacramentos [2098806738].mp3,04-05-2025 - EBD - CFW 27 - Dos Sacramentos.txt,Seminarista Fabrício Zamboni,13:25,2098806738,46,805.016,1747702217,04-05-2025-ebd-cfw-27-dos-sacramentos,6gU0jYRRbP4tDO5Yz11cTi,2025-05-04,1574,93,1.0,117.31443847078816,6.931539248909338,87.3
05-01-20245- EBD - CFW 16 - Das Boas Obras,True,True,True,,05-01-20245- EBD - CFW 16 - Das Boas Obras [2002812519].m4a,05-01-20245- EBD - CFW 16 - Das Boas Obras.txt,Presbítero César Miranda,59:58,2002812519,45,3598.412,1736213481,05-01-20245-ebd-cfw-16-das-boas-obras,1SR1IwmblRuCEvoY4gu0Ye,2025-01-07,8760,561,1.0685714285714285,146.06443064329488,9.354126209005528,82.6
"05-01-2025 - 1 Reis 22.1-40 - ＂Ouvi isto, vós, todos os povos!＂",True,True,True,,"05-01-2025 - 1 Reis 22.1-40 - ＂Ouvi isto, vós, todos os povos!＂ [2002813711].m4a","05-01-2025 - 1 Reis 22.1-40 - ＂Ouvi isto, vós, todos os povos!＂.txt",Reverendo Bruno Melo,52:50,2002813711,55,3170.168,1736213566,05-01-2025-1-reis-221-40-ouvi-isto-vos-todos-os-povos,5C74fe4nUO7mxKTsUbTuyx,2025-01-05,7310,535,1.0308285163776494,138.3522892162182,10.125646337985872,85.1
05-04-2026 - Eclesiastes 4.7-16- ＂Dois é melhor do que um＂,True,True,True,Eclesiastes 4.7-16 por Pr. Lucas Antunes,05-04-2026 - Eclesiastes 4.7-16- ＂Dois é melhor do que um＂ [2309611718].m4a,05-04-2026 - Eclesiastes 4.7-16- ＂Dois é melhor do que um＂.txt,Pastor Lucas Antunes,54:33,2309611718,33,3273.346,1777221612,05-04-2026-eclesiastes-4-7-16,,2026-04-05,6597,445,1.141025641025641,120.9221389978328,8.15679124663265,85.7
05-09-2025 - VII Conferência Peregrinos - Vivendo a cidadania celestial em tempos de cidadania terrena - Parte I,True,True,True,VII Conferência Peregrinos - Vivendo a cidadania celestial em tempos de cidadania terrena - Parte I - Hebreus 11: Peregrinos em busca de uma pátria,05-09-2025 - VII Conferência Peregrinos - Vivendo a cidadania celestial em tempos de cidadania terrena - Parte I [2165791422].m4a,05-09-2025 - VII Conferência Peregrinos - Vivendo a cidadania celestial em tempos de cidadania terrena - Parte I.txt,Pastor Davi Charles Gomes,1:16:34,2165791422,52,4594.144,1757129507,05-09-2025-vii-conferencia-peregrinos-vivendo-a-cidadania-celestial-em-tempos-de-cidadania-terrena-parte-i,0qtBiMNB8yPirGdjujU0cu,2025-09-05,10268,775,1.054421768707483,134.10115137879873,10.121580864683388,82.7
05-10-2025 - 2 Reis 13.10-25 - ＂Não o lançou ainda da sua presença＂,True,True,True,2 Reis 13.10-25 por Pastor Bruno Melo,05-10-2025 - 2 Reis 13.10-25 - ＂Não o lançou ainda da sua presença＂ [2189645943].m4a,05-10-2025 - 2 Reis 13.10-25 - ＂Não o lançou ainda da sua presença＂.txt,Reverendo Bruno Melo,53:34,2189645943,73,3214.75,1760400492,05-10-2025-2-reis-1310-25-nao-o-lancou-ainda-da-sua-presenca,,2025-10-05,6862,489,1.0747252747252747,128.07216735360447,9.126681701532002,85.8
06-04-2025 - 2 Reis 5 - Parte II - Transplante de Lepra,True,True,True,"2 Reis 5 (Parte II) por Pastor Bruno Melo
",06-04-2025 - 2 Reis 5 - Parte II - Transplante de Lepra [2082731127].m4a,06-04-2025 - 2 Reis 5 - Parte II - Transplante de Lepra.txt,Reverendo Bruno Melo,50:43,2082731127,40,3043.742,1745276463,06-04-2025-2-reis-5-parte-ii-transplante-de-lepra,45u0Tbsl4u1IwN9N5anxLr,2025-04-06,6813,417,1.0451127819548873,134.3017903619952,8.220144808594158,83.8
06-04-2025 - EBD - CFW 23 - Do Magistrado Civil - Parte I,True,True,True,"EBD - CFW 23 - Do Magistrado Civil - Parte I por Pastor Bruno Melo
",06-04-2025 - EBD - CFW 23 - Do Magistrado Civil - Parte I [2082719532].m4a,06-04-2025 - EBD - CFW 23 - Do Magistrado Civil - Parte I.txt,Reverendo Bruno Melo,1:03:00,2082719532,40,3780.635,1745274757,06-04-2025-ebd-cfw-23-do-magistrado-civil-parte-i,15mKHA6F4E1tQ6xSMALEkr,2025-04-06,8971,628,1.021138211382114,142.3729082548302,9.96657968833278,82.5
06-07-2025 - 2 Reis 8.7-15 - ＂E chorou o homem de Deus＂,True,True,True,2 Reis 8.7-15 por Pastor Bruno Melo,06-07-2025 - 2 Reis 8.7-15 - ＂E chorou o homem de Deus＂ [2126899857].m4a,06-07-2025 - 2 Reis 8.7-15 - ＂E chorou o homem de Deus＂.txt,Reverendo Bruno Melo,49:31,2126899857,46,2971.748,1752027409,06-07-2025-2-reis-87-15-e-chorou-o-homem-de-deus,6VHuV7FbomskTlKOkWwxAB,2025-07-06,6193,449,1.0204545454545455,125.037520005061,9.065371626396317,85.2
06-07-2025 - EBD - Eleição de Diáconos - Aula 3,True,True,True,Eleição de Diáconos - Aula 3 por Pastor Bruno Melo,06-07-2025 - EBD - Eleição de Diáconos - Aula 3 [2126315136].m4a,06-07-2025 - EBD - Eleição de Diáconos - Aula 3.txt,Reverendo Bruno Melo,1:11:58,2126315136,40,4318.705,1751938986,06-07-2025-ebd-eleicao-de-diaconos-aula-3,2qrbCo3K2vizUmKMqr5seZ,2025-07-06,11330,787,1.0507343124165553,157.40829716315426,10.933833174528013,80.8
06-09-2025 - VII Conferência Peregrinos - Vivendo a cidadania celestial em tempos de cidadania terrena - Parte III,True,True,True,"VII Conferência Peregrinos - Vivendo a cidadania celestial em tempos de cidadania terrena - Parte III - Ezequiel 33: Como, pois, viveremos? (Sentinelas)
",06-09-2025 - VII Conferência Peregrinos - Vivendo a cidadania celestial em tempos de cidadania terrena - Parte III [2166230130].m4a,06-09-2025 - VII Conferência Peregrinos - Vivendo a cidadania celestial em tempos de cidadania terrena - Parte III.txt,Pastor Davi Charles Gomes,1:56:42,2166230130,46,7002.341,1757213148,06-09-2025-vii-conferencia-peregrinos-vivendo-a-cidadania-celestial-em-tempos-de-cidadania-terrena-parte-iii,7HiAfA2PulViCLFFO6iBEQ,2025-09-06,16195,1136,1.0686735653809971,138.76787777116252,9.733887567029369,79.0
07-09-2025 - 1 Pedro 1 - A esperança em Cristo,True,True,True,VII Conferência Peregrinos - Vivendo a cidadania celestial em tempos de cidadania terrena - Parte V - 1 Pedro 1 - A esperança em Cristo ,07-09-2025 - 1 Pedro 1 - A esperança em Cristo [2177689785].m4a,07-09-2025 - 1 Pedro 1 - A esperança em Cristo.txt,Pastor Davi Charles Gomes,52:37,2177689785,48,3157.645,1758995124,07-09-2025-1-pedro-1-a-esperanca-em-cristo,5fDVBChP5hQfOsqxYxhOzC,2025-09-07,7202,504,1.0478170478170479,136.84882246104294,9.576757361894703,81.9
07-09-2025 - VII Conferência Peregrinos - Vivendo a cidadania celestial em tempos de cidadania terrena - Parte IV,True,True,True,VII Conferência Peregrinos - Vivendo a cidadania celestial em tempos de cidadania terrena - Parte IV -Estratégia para viver a cidadania celestial,07-09-2025 - VII Conferência Peregrinos - Vivendo a cidadania celestial em tempos de cidadania terrena - Parte IV [2166582093].m4a,07-09-2025 - VII Conferência Peregrinos - Vivendo a cidadania celestial em tempos de cidadania terrena - Parte IV.txt,Pastor Davi Charles Gomes,1:04:25,2166582093,71,3865.859,1757281348,07-09-2025-vii-conferencia-peregrinos-vivendo-a-cidadania-celestial-em-tempos-de-cidadania-terrena-parte-iv,7lAqezYJghtPEt1HKdDCfi,2025-09-07,8634,604,1.0202702702702702,134.00385270130133,9.374371905441974,76.9
"07-12-2025 - 2 Reis 17.1-23- ＂Não creram no Senhor, seu Deus＂",True,True,True,2 Reis 17.1-23 por Pastor Bruno Melo,"07-12-2025 - 2 Reis 17.1-23- ＂Não creram no Senhor, seu Deus＂ [2238697847].m4a","07-12-2025 - 2 Reis 17.1-23- ＂Não creram no Senhor, seu Deus＂.txt",Reverendo Bruno Melo,52:36,2238697847,27,3156.389,1767057755,07-12-2025-2-reis-171-23-nao-creram-no-senhor-seu-deus,,2025-12-07,6865,465,1.0175054704595186,130.49722325099978,8.839214684881997,81.4
08-02-2026 - 2 Reis 18.1-12- ＂Confiou no Senhor＂,True,True,True,2 Reis 18.1-12 por Pastor Bruno Melo,08-02-2026 - 2 Reis 18.1-12- ＂Confiou no Senhor＂ [2269894283].m4a,08-02-2026 - 2 Reis 18.1-12- ＂Confiou no Senhor＂.txt,Reverendo Bruno Melo,49:58,2269894283,33,2998.423,1771546231,08-02-2026-2-reis-18-1-12,,2026-02-08,6693,526,1.02734375,133.93040274837807,10.525532921805898,83.7
08-03-2026 - EBD - Evangelismo e Missões - O mundo ao lado II,True,True,True,Evangelismo e Missões - O mundo ao lado II por Pr. Lucas Antunes,08-03-2026 - EBD - Evangelismo e Missões - O mundo ao lado II [2293717964].m4a,08-03-2026 - EBD - Evangelismo e Missões - O mundo ao lado II.txt,Pastor Lucas Antunes,1:02:31,2293717964,29,3751.876,1774921535,08-03-2026-ebd-evangelismo-e,,2026-03-08,8188,721,1.0241477272727273,130.9424938350841,11.530231809366834,79.8
08-06-2025 - EBD - CFW 30 - Das Censuras Eclesiásticas - Parte II,True,True,True,"CFW 30 - Das Censuras Eclesiásticas por Pastor Bruno Melo
",08-06-2025 - EBD - CFW 30 - Das Censuras Eclesiásticas - Parte II [2122341177].m4a,08-06-2025 - EBD - CFW 30 - Das Censuras Eclesiásticas - Parte II.txt,Reverendo Bruno Melo,1:07:43,2122341177,39,4063.769,1751327742,20250608_001-08-06-2025-ebd-cfw-30-das-censuras-eclesiasticas-parte-ii-1,,2025-06-08,10548,669,1.0669856459330143,155.7371986449033,9.87752994818357,80.7
08-12-2024 - EBD - CFW 14 - Da Fé Salvadora,True,True,True,CFW 14 - Da Fé Salvadora por Seminarista Fabrício Zamboni,08-12-2024 - EBD - CFW 14 - Da Fé Salvadora [1987384315].m4a,08-12-2024 - EBD - CFW 14 - Da Fé Salvadora.txt,Seminarista Fabrício Zamboni,50:04,1987384315,45,3004.242,1734401854,08-12-2024-ebd-cfw-14-da-fe-salvadora,669n8ekHnL2TG1EU4osopL,2024-12-08,5977,423,1.0071428571428571,119.371209110318,8.448054451006277,88.1
09-02-2025 - 2 Reis 2.16-25 - Benção e maldição,True,True,True,,09-02-2025 - 2 Reis 2.16-25 - Benção e maldição [2039088509].m4a,09-02-2025 - 2 Reis 2.16-25 - Benção e maldição.txt,Reverendo Bruno Melo,51:25,2039088509,42,3085.759,1740103391,09-02-2025-2-reis-216-25-bencao-e-maldicao,4N5psoyzpNcuVzmjhJcBwa,2025-02-09,6649,409,1.10840108401084,129.28423768674094,7.952662537806744,85.4
09-02-2025 - EBD - CFW 21 - Do Culto Religioso e do Domingo,True,True,True,,09-02-2025 - EBD - CFW 21 - Do Culto Religioso e do Domingo [2039084780].m4a,09-02-2025 - EBD - CFW 21 - Do Culto Religioso e do Domingo.txt,Presbítero César Miranda,40:12,2039084780,44,2412.549,1740102762,20250209_001,5OxGFOgiOSRvAZNHys1kwk,2025-02-09,5627,415,1.058673469387755,139.94327161852465,10.321033894026607,81.2
09-03-2025 - 2 Reis 4.8-37 - Aos pés do homem de Deus,True,True,True,"2 Reis 4.8-37 por Pastor Bruno Melo
",09-03-2025 - 2 Reis 4.8-37 - Aos pés do homem de Deus [2053017548].m4a,09-03-2025 - 2 Reis 4.8-37 - Aos pés do homem de Deus.txt,Reverendo Bruno Melo,53:42,2053017548,45,3222.054,1741825245,09-03-2025-2-reis-48-37-aos-pes-do-homem-de-deus,1xQEBqF5gDkWbsPSv2V5Ug,2025-03-09,7291,482,1.1105990783410138,135.77053643421246,8.975641004154491,86.2
09-03-2025 - EBD - CFW 18 - Da Certeza da Graça e da Salvação,True,True,True,"CFW 18 - Da Certeza da Graça e da Salvação por Presb.Éder Mota

",09-03-2025 - EBD - CFW 18 - Da Certeza da Graça e da Salvação [2051387756].m4a,09-03-2025 - EBD - CFW 18 - Da Certeza da Graça e da Salvação.txt,Presbítero Éder Mota,1:02:03,2051387756,47,3723.944,1741655169,09-03-2025-ebd-cfw-18-da-certeza-da-graca-e-da-salvacao,4RQS37OpSqNuDDDvbVYHjV,2025-03-09,10015,621,1.1169064748201438,161.36118051184442,10.005521028243175,76.3
09-11-2025 - 2 Reis 15.32-16.9 - O Começo do fim de Judá,True,True,True,"2 Reis 15.32-16.9 por Pastor Bruno Melo
",09-11-2025 - 2 Reis 15.32-16.9 - O Começo do fim de Judá [2218488440].m4a,09-11-2025 - 2 Reis 15.32-16.9 - O Começo do fim de Judá.txt,Reverendo Bruno Melo,54:37,2218488440,38,3277.196,1764034675,09-11-2025-2-reis-1532-169-o-comeco-do-fim-de-juda-parte-1,,2025-11-09,7633,591,1.0224913494809689,139.7475158641717,10.820225583089934,84.3
08-02-2026 - EBD - Evangelismo e Missões - Viagem Maranhão,True,True,True,"Evangelismo e Missões - Viagem Maranhão por Pr. Bruno Melo, Seminarista Felipe Ricieri e André Cunha ",08-02-2026 - EBD - Evangelismo e Missões - Viagem Maranhão [2269893431].m4a,08-02-2026 - EBD - Evangelismo e Missões - Viagem Maranhão.txt,Reverendo Bruno Melo,1:06:37,2269893431,29,3997.087,1771546075,08-02-2026-ebd-evangelismo-e,,2026-02-08,9822,650,1.1284722222222223,147.4373712656242,9.757105612162057,78.5
09-11-2025 - EBD - CFW 28 - Do Batismo - Aula 7,True,True,True,"CFW 28 - Do Batismo - Aula 7 por Pastor Bruno Melo
",09-11-2025 - EBD - CFW 28 - Do Batismo - Aula 7 [2218486739].m4a,09-11-2025 - EBD - CFW 28 - Do Batismo - Aula 7.txt,Reverendo Bruno Melo,58:23,2218486739,0,3503.269,1764034333,20251109_001_09-11-2025-ebd,,2025-11-09,8565,660,1.029641185647426,146.69156151012098,11.303728032303543,83.7
10-08-2025 - 2 Reis 10.28-36 - Todo o coração,True,True,True,2 Reis 10.28-36 por Pastor Bruno Melo,10-08-2025 - 2 Reis 10.28-36 - Todo o coração [2151673854].m4a,10-08-2025 - 2 Reis 10.28-36 - Todo o coração.txt,Reverendo Bruno Melo,54:34,2151673854,58,3274.008,1754957446,10-08-2025-2-reis-1028-36-todo-o-coracao,78UOjuhiWjxd9J2Dofn3iL,2025-08-10,7357,478,1.0505494505494506,134.8255715929833,8.75990529039636,84.7
10-08-2025 - EBD - CFW 32 - Do Estado do Homem Depois da Morte e Da Ressureição dos Mortos,True,True,True,"CFW 32 - Do Estado do Homem Depois da Morte e Da Ressureição dos Mortos por Presbítero Humberto Elias
",10-08-2025 - EBD - CFW 32 - Do Estado do Homem Depois da Morte e Da Ressureição dos Mortos [2151670083].m4a,10-08-2025 - EBD - CFW 32 - Do Estado do Homem Depois da Morte e Da Ressureição dos Mortos.txt,Presbítero Humberto Elias,1:04:04,2151670083,43,3844.492,1754956738,10-08-2025-ebd-cfw-32-do-estado-do-homem-depois-da-morte-e-da-ressureicao-dos-mortos,4V4GOXnM5hWbWHJp2iOQXn,2025-08-10,8544,745,1.0149863760217983,133.3440152821231,11.627023804445425,78.1
11-01-2026 - EBD - Evangelismo e Missões - Apóstolo Paulo e Evangelismo,True,True,True,Evangelismo e Missões - Apóstolo Paulo e Evangelismo por Marco Túlio,11-01-2026 - EBD - Evangelismo e Missões - Apóstolo Paulo e Evangelismo [2267738624].m4a,11-01-2026 - EBD - Evangelismo e Missões - Apóstolo Paulo e Evangelismo.txt,Presbítero Marco Túlio,1:02:33,2267738624,26,3753.419,1771263581,11-01-2026-ebd-evangelismo-e,,2026-01-11,9084,848,1.007125890736342,145.2116057386612,13.555640870363796,71.0
11-01-2026 - Eclesiastes 3.9-11,True,True,True,Eclesiastes 3.9-11 por Pr. Lucas Antunes,11-01-2026 - Eclesiastes 3.9-11 [2268512351].m4a,11-01-2026 - Eclesiastes 3.9-11.txt,Pastor Lucas Antunes,44:32,2268512351,24,2672.167,1771371161,11-01-2026-eclesiastes-3-9-11,,2026-01-11,5146,335,1.021341463414634,115.54667054865958,7.52198496576,84.3
11-05-2025 - 1 Timóteo 1.18-20 - ＂Combate o bom combate＂,True,True,True,"1 Timóteo 1.18-20 por Presbítero Lucas Gibram
",11-05-2025 - 1 Timóteo 1.18-20 - ＂Combate o bom combate＂ [2100531789].m4a,11-05-2025 - 1 Timóteo 1.18-20 - ＂Combate o bom combate＂.txt,Presbítero Lucas Gibram,50:53,2100531789,69,3053.609,1747946931,11-05-2025-1-timoteo-118-20-combate-o-bom-combate,0JssLogdVYpeHbvSymYSEH,2025-05-11,7056,449,1.0665083135391924,138.64250465596612,8.822347589360655,80.5
11-05-2025 - EBD - CFW 24 - Do Matrimônio e do Divórcio,True,True,True,"CFW 24 - Do Matrimônio e do Divórcio por Presbítero João Marcus
",11-05-2025 - EBD - CFW 24 - Do Matrimônio e do Divórcio [2109763098].m4a,11-05-2025 - EBD - CFW 24 - Do Matrimônio e do Divórcio.txt,Presbítero João Marcus,1:15:15,2109763098,42,4515.086,1749379453,6e05d96c-1fcb-4799-aac3-261fb811fdc9,5gvnOH1j4LSDXa15VvQZbv,2025-05-11,13178,1114,1.053926206244087,175.1195879768403,14.803704735635156,74.5
12-01-2025  -1 Reis 22.41-51- Uma meditação spbre o reinado de josafá,True,True,True,,12-01-2025  -1 Reis 22.41-51- Uma meditação spbre o reinado de josafá [2013957827].m4a,12-01-2025  -1 Reis 22.41-51- Uma meditação spbre o reinado de josafá.txt,Reverendo Bruno Melo,51:58,2013957827,61,3118.637,1737421165,12-01-2025-1-reis-2241-51-uma-meditacao-spbre-o-reinado-de-josafa,4FIUgffaDXxUmEBvdmqk3j,2025-01-12,7117,437,1.0684596577017116,136.92520161852755,8.407519053996985,86.0
12-01-2025 - EBD - CFW 17 - Da Preservação dos Santos,True,True,True,,12-01-2025 - EBD - CFW 17 - Da Preservação dos Santos [2013953571].m4a,12-01-2025 - EBD - CFW 17 - Da Preservação dos Santos.txt,Seminarista Fabrício Zamboni,1:01:47,2013953571,51,3707.331,1737420696,12-01-2025-ebd-cfw-17-da-preservacao-dos-santos,6Ob7YYQ1lFU2TvKn8iMSqM,2025-01-12,7022,429,1.0238663484486874,113.6450993990016,6.943000233860963,88.2
12-04-2026 - 2 Reis 21.1-10,True,True,True,2 Reis 21.1-10 por Pastor Bruno Melo,12-04-2026 - 2 Reis 21.1-10 [2309986298].m4a,12-04-2026 - 2 Reis 21.1-10.txt,Reverendo Bruno Melo,49:33,2309986298,35,2973.57,1777287882,12-04-2026-2-reis-21-1-10,,2026-04-12,6563,459,1.0314606741573034,132.42667904236322,9.261594648856425,84.5
12-10-2025 - Salmos 127,True,True,True,Salmos 127 por Pastor Lucas Antunes,12-10-2025 - Salmos 127 [2203518067].m4a,12-10-2025 - Salmos 127.txt,Pastor Lucas Antunes,47:15,2203518067,42,2835.563,1761933634,12-10-2025-salmos-127,,2025-10-12,5416,493,1.0185950413223142,114.60158000368887,10.431790794279655,86.7
"13-04-2025 - 2 Reis 6.1-7 - O Deus que nos resgata, habita conosco e se importa com as nossas pequenas coisas",True,True,True,"2 Reis 6.1-7 por Pastor Bruno Melo
","13-04-2025 - 2 Reis 6.1-7 - O Deus que nos resgata, habita conosco e se importa com as nossas pequenas coisas [2082733179].m4a","13-04-2025 - 2 Reis 6.1-7 - O Deus que nos resgata, habita conosco e se importa com as nossas pequenas coisas.txt",Reverendo Bruno Melo,51:13,2082733179,44,3073.291,1745276847,13-04-2025-2-reis-61-7-o-deus-que-nos-resgata-habita-conosco-e-se-importa-com-as-nossas-pequenas-coisas,0OBGyrrfaj72sXSNpFw9Wc,2025-04-13,6774,424,1.06,132.24911015585573,8.277771288172842,85.4
13-07-2025 - 2 Reis 8.16-29 - A Lâmpada de Davi,True,True,True,"2 Reis 8.16-29 por Pastor Bruno Melo
",13-07-2025 - 2 Reis 8.16-29 - A Lâmpada de Davi [2129494950].m4a,13-07-2025 - 2 Reis 8.16-29 - A Lâmpada de Davi.txt,Reverendo Bruno Melo,55:01,2129494950,61,3301.106,1752452943,13-07-2025-2-reis-816-29-a-lampada-de-davi,2HdTnCQj6GomZyrW760BOL,2025-07-13,7472,525,1.045816733067729,135.8090288527542,9.542256443749459,86.7
13-07-2025 - EBD - CFW 31 - Dos Sínodos e Concílios,True,True,True,"CFW 31 - Dos Sínodos e Concílios por Presbítero César Miranda
",13-07-2025 - EBD - CFW 31 - Dos Sínodos e Concílios [2129403540].m4a,13-07-2025 - EBD - CFW 31 - Dos Sínodos e Concílios.txt,Presbítero César Miranda,1:01:36,2129403540,47,3696.502,1752436480,13-07-2025-ebd-cfw-31-dos-sinodos-e-concilios,0O93cvQWCkhi0V0fwdVYOz,2025-07-13,8647,599,1.0696428571428571,140.3543133481329,9.72270541176496,81.5
14-09-2025 - EBD - CFW 28 - Do Batismo - Aula 1,True,True,True,CFW 28 - Do Batismo - Parte I por Pastor Bruno Melo,14-09-2025 - EBD - CFW 28 - Do Batismo - Aula 1 [2177698323].m4a,14-09-2025 - EBD - CFW 28 - Do Batismo - Aula 1.txt,Reverendo Bruno Melo,1:05:50,2177698323,59,3950.784,1758996431,14-09-2025-ebd-cfw-28-do-batismo-parte-i,6RAfv0Pi0xh83q0ETxjDuf,2025-09-14,9524,655,1.029874213836478,144.63964620693005,9.947392720027214,81.9
"14-12-2025 - Eclesiastes 3.8- Amor e ódio, guerra e paz",True,True,True,Eclesiastes 3.8 por Pr. Lucas Antunes,"14-12-2025 - Eclesiastes 3.8- Amor e ódio, guerra e paz [2238710510].m4a","14-12-2025 - Eclesiastes 3.8- Amor e ódio, guerra e paz.txt",Pastor Lucas Antunes,41:33,2238710510,34,2493.048,1767059535,14-12-2025-eclesiastes-38-amor-e-odio-guerra-e-paz,,2025-12-14,4566,415,1.0375,109.88958094669658,9.987774001944608,85.2
15-03-2026 - EBD - Evangelismo e Missões - Missões Transculturais II,True,True,True,,15-03-2026 - EBD - Evangelismo e Missões - Missões Transculturais II [2297039825].m4a,15-03-2026 - EBD - Evangelismo e Missões - Missões Transculturais II.txt,,1:08:20,2297039825,23,4100.271,1775408692,15-03-2026-ebd-evangelismo-e,,2026-03-15,9659,971,1.0146290491118077,141.34187715885122,14.208816929417594,77.5
15-06-2025 - Gênesis 35,True,True,True,Gênesis 35 por Reverendo Gustavo Quintela,15-06-2025 - Gênesis 35 [2123521644].m4a,15-06-2025 - Gênesis 35.txt,Reverendo Gustavo Quintela,1:02:08,2123521644,35,3728.246,1751502704,15-06-2025-genesis-35,,2025-06-15,8839,700,1.0385756676557865,142.24919707551487,11.265351052478833,83.5
15-06-2025 - Gênesis 35,True,True,True,Gênesis 35 por Reverendo Gustavo Quintela,15-06-2025 - Gênesis 35 [2123521758].m4a,15-06-2025 - Gênesis 35.txt,Reverendo Gustavo Quintela,47:22,2123521758,45,2842.575,1751502733,15-06-2025,3UA55HQWS8YrE0wizy3fXB,2025-06-15,6192,367,1.0922619047619047,130.69839845914356,7.746497453893038,87.1
15-12-2024 - 1 Reis 20 - ＂e assim sabereis que eu sou o Senhor＂,True,True,True,1 Reis 20 por Pastor Bruno Melo,15-12-2024 - 1 Reis 20 - ＂e assim sabereis que eu sou o Senhor＂ [1987698631].m4a,15-12-2024 - 1 Reis 20 - ＂e assim sabereis que eu sou o Senhor＂.txt,Reverendo Bruno Melo,57:02,1987698631,61,3422.895,1734430130,15-12-2024-1-reis-20-e-assim-sabereis-que-eu-sou-o-senhor,6wKNfCK1V4GxFQwKojmuJO,2024-12-15,7755,531,1.0556660039761432,135.93756162546615,9.307910409171184,85.7
15-12-2024 - EBD - CFW 14 - Da Fé Salvadora - Parte II,True,True,True,CFW 14 - Da Fé Salvadora - Parte II por Seminarista Fabrício Zamboni,15-12-2024 - EBD - CFW 14 - Da Fé Salvadora - Parte II [1987697979].m4a,15-12-2024 - EBD - CFW 14 - Da Fé Salvadora - Parte II.txt,Seminarista Fabrício Zamboni,56:42,1987697979,44,3402.04,1734430065,15-12-2024-ebd-cfw-14-da-fe-salvadora-parte-ii,7jiyKPYqmfzUneDbkJ2ETH,2024-12-15,6781,472,1.048888888888889,119.59295011228558,8.324417114437221,87.5
16-02-2025 - 2 Reis 3 - ＂Houve grande ira contra Israel＂,True,True,True,2 Reis 3 por Pastor Bruno Melo,16-02-2025 - 2 Reis 3 - ＂Houve grande ira contra Israel＂ [2040992144].m4a,16-02-2025 - 2 Reis 3 - ＂Houve grande ira contra Israel＂.txt,Reverendo Bruno Melo,52:12,2040992144,43,3132.111,1740391741,16-02-2025-2-reis-3-houve-grande-ira-contra-israel,1xGLumlbtrs2YgfwTlMGF8,2025-02-16,6930,476,1.0236559139784946,132.75391580949716,9.118450782874554,85.7
16-02-2025 - EBD - CFW 21 - Do Culto Religioso e do Domingo - Aula 2,True,True,True,,16-02-2025 - EBD - CFW 21 - Do Culto Religioso e do Domingo - Aula 2 [2039261060].m4a,16-02-2025 - EBD - CFW 21 - Do Culto Religioso e do Domingo - Aula 2.txt,Presbítero César Miranda,1:00:13,2039261060,50,3613.553,1740131366,16-02-2025-ebd-cfw-21-do-culto-religioso-e-do-domingo-aula-2,0HgAAUR7LEM2yjZcz0agvi,2025-02-16,8933,731,1.0354107648725213,148.32493116885237,12.137638495962285,80.5
16-03-2025 - 2 Reis 4.38-44 - ＂Havia fome... comeram e ainda sobrou＂,True,True,True,"2 Reis 4.38-44 por Pastor Bruno Melo
",16-03-2025 - 2 Reis 4.38-44 - ＂Havia fome... comeram e ainda sobrou＂ [2068769496].m4a,16-03-2025 - 2 Reis 4.38-44 - ＂Havia fome... comeram e ainda sobrou＂.txt,Reverendo Bruno Melo,50:29,2068769496,42,3029.776,1743552353,16-03-2025-2-reis-438-44-havia-fome-comeram-e-ainda-sobrou,6bTWe8jukW0Ly7u0kQAFMz,2025-03-16,6575,395,1.1482558139534884,130.20764571374255,7.8223604649320615,86.6
16-03-2025 - EBD - CFW 22 - Dos Juramentos Legais e dos Votos,True,True,True,EBD - CFW 22 - Dos Juramentos Legais e dos Votos por Seminarista Fabrício Zamboni,16-03-2025 - EBD - CFW 22 - Dos Juramentos Legais e dos Votos [2068004408].m4a,16-03-2025 - EBD - CFW 22 - Dos Juramentos Legais e dos Votos.txt,Seminarista Fabrício Zamboni,59:44,2068004408,44,3584.825,1743467427,16-03-2025-ebd-cfw-22-dos-juramentos-legais-e-dos-votos,1rgo2vaJGPwfUUqJQ25dmr,2025-03-16,6895,445,1.0300925925925926,115.40312288605442,7.448062318244267,87.6
16-11-2025 - EBD - CFW 28 - Do Batismo - Aula 8,True,True,True,,16-11-2025 - EBD - CFW 28 - Do Batismo - Aula 8 [2221536488].m4a,16-11-2025 - EBD - CFW 28 - Do Batismo - Aula 8.txt,Reverendo Bruno Melo,55:42,2221536488,33,3342.805,1764519161,16-11-2025-ebd-cfw-28-do-batismo-aula-8,,2025-11-16,8196,562,1.060377358490566,147.10998697201902,10.087336832390761,84.5
16-11-2025 - Salmo 50 - O Poder da Santa Convocação,True,True,True,Salmo 50 por Pastor Alan Kleber,16-11-2025 - Salmo 50 - O Poder da Santa Convocação [2221541975].m4a,16-11-2025 - Salmo 50 - O Poder da Santa Convocação.txt,Pastor Alan Kleber,50:18,2221541975,2,3018.174,1764520066,16-11-2025-salmo-50-o-poder-da-santa-convocacao,,2025-11-16,6066,405,1.0049627791563276,120.58946899681727,8.051225674861687,89.0
17-08-2025 - EBD - CFW 33 - Do Juízo Final,True,True,True,CFW 33 - Do Juízo Final por Presbítero Humberto Elias,17-08-2025 - EBD - CFW 33 - Do Juízo Final [2155492935].m4a,17-08-2025 - EBD - CFW 33 - Do Juízo Final.txt,Presbítero Humberto Elias,59:29,2155492935,42,3569.1,1755570294,17-08-2025-ebd-cfw-33-do-juizo-final,3VJptucquHD5aXIlL61z6Q,2025-08-17,7719,577,1.0396396396396397,129.763806001513,9.69992435067664,77.7
18-01-2026 - EBD - Evangelismo e Missões - Antes de Falar do Evangelho,True,True,True,"Evangelismo e Missões - Antes de Falar do Evangelho"" por Seminarista Fabrício Zamboni",18-01-2026 - EBD - Evangelismo e Missões - Antes de Falar do Evangelho [2268513059].m4a,18-01-2026 - EBD - Evangelismo e Missões - Antes de Falar do Evangelho.txt,Seminarista Fabrício Zamboni,1:02:11,2268513059,26,3731.551,1771371273,18-01-2026-ebd-evangelismo-e,,2026-01-18,7508,582,1.0411449016100178,120.72191965217681,9.358039056681793,85.7
18-01-2026 - Salmos 57- Cantando antes do Sol nascer,True,True,True,Salmos 57 por Seminarista Fabrício Zamboni,18-01-2026 - Salmos 57- Cantando antes do Sol nascer [2268519176].m4a,18-01-2026 - Salmos 57- Cantando antes do Sol nascer.txt,Seminarista Fabrício Zamboni,53:48,2268519176,83,3228.429,1771372316,18-01-2026-salmos-57-cantando,,2026-01-18,6463,515,1.0019455252918288,120.11414839849351,9.571218694913222,88.1
18-05-2025 - EBD - CFW 26 - Da Comunhão dos Santos,True,True,True,"CFW 26 - Da Comunhão dos Santos por Presbítero Lucas Gibram
",18-05-2025 - EBD - CFW 26 - Da Comunhão dos Santos [2107309704].m4a,18-05-2025 - EBD - CFW 26 - Da Comunhão dos Santos.txt,Presbítero Lucas Gibram,59:50,2107309704,50,3590.449,1748997612,18-05-2025-ebd-cfw-26-da-comunhao-dos-santos,5GGU7zLU9rPbOiDaZvLd4T,2025-05-18,8962,572,1.115009746588694,149.7639988759066,9.558693077105398,75.2
18-05-2025 - Marcos 4.1-20,True,True,True,"Marcos 4.1-20 por Pastor Ludgero Neto
",18-05-2025 - Marcos 4.1-20 [2109762861].m4a,18-05-2025 - Marcos 4.1-20.txt,Reverendo Ludgero Neto,37:50,2109762861,40,2270.56,1749379396,18-05-2025-marcos-41-20,5SBl1bWGpNiRtBcVOvKAlm,2025-05-18,4706,302,1.0522648083623694,124.35698682263407,7.980410119089564,86.8
19-01-2025 - EBD - CFW 19 - Da lei de Deus,True,True,True,CFW 19 - Da lei de Deus por Presbítero César,19-01-2025 - EBD - CFW 19 - Da lei de Deus [2025323328].m4a,19-01-2025 - EBD - CFW 19 - Da lei de Deus.txt,Presbítero César Miranda,1:01:28,2025323328,53,3688.041,1738626132,19-01-2025-ebd-cfw-19-da-lei-de-deus,5kCzLVzxDSb3kQmUvtcwoE,2025-01-19,8948,671,1.0583596214511042,145.57321895282618,10.916364541500487,82.9
19-01-2025 - Levítico 17 - Sangue： comer ou não comer,True,True,True,Levítico 17 por Reverendo André,19-01-2025 - Levítico 17 - Sangue： comer ou não comer [2025323724].m4a,19-01-2025 - Levítico 17 - Sangue： comer ou não comer.txt,Pastor André,50:08,2025323724,46,3008.428,1738626183,19-01-2025-levitico-17-sangue-comer-ou-nao-comer,2ApxFVi5WsarmyOjGWfpOn,2025-01-19,7259,436,1.0455635491606714,144.77328358863832,8.695571241857875,88.6
20-04-2025 - Apocalipse 2.18-29 - ...deixas Jezabel ensinar e enganar os meus servos...,True,True,True,"Apocalipse 2.18-29 por Presbítero Humberto Elias
",20-04-2025 - Apocalipse 2.18-29 - ...deixas Jezabel ensinar e enganar os meus servos... [2082743718].m4a,20-04-2025 - Apocalipse 2.18-29 - ...deixas Jezabel ensinar e enganar os meus servos....txt,Presbítero Humberto Elias,56:17,2082743718,46,3377.388,1745278441,20-04-2025-apocalipse-218-29-deixas-jezabel-ensinar-e-enganar-os-meus-servos,5SfqaI2Tr5G7LsO1XtXFsx,2025-04-20,7595,454,1.1154791154791155,134.92675404780263,8.06540438942757,83.1
20-04-2025 - EBD - CFW 23 - Do Magistrado Civil - Parte III,True,True,True,"CFW 23 - Do Magistrado Civil - Parte III por Pastor Bruno Melo
",20-04-2025 - EBD - CFW 23 - Do Magistrado Civil - Parte III [2082740580].m4a,20-04-2025 - EBD - CFW 23 - Do Magistrado Civil - Parte III.txt,Reverendo Bruno Melo,1:00:56,2082740580,40,3656.606,1745278131,20-04-2025-ebd-cfw-23-do-magistrado-civil-parte-iii,5MhC6GutZC3wCZvkoZu800,2025-04-20,9725,704,1.0586466165413533,159.57420624480733,11.551695752837466,81.9
20-07-2025 - 2 Reis 9 - O ungido da vingança,True,True,True,"2 Reis 9 por Pastor Bruno Melo
",20-07-2025 - 2 Reis 9 - O ungido da vingança [2133584952].m4a,20-07-2025 - 2 Reis 9 - O ungido da vingança.txt,Reverendo Bruno Melo,1:01:56,2133584952,54,3716.916,1753061796,20-07-2025-2-reis-9-o-ungido-da-vinganca,4czP0FCdBYW0lydoq5W8uU,2025-07-20,8298,628,1.0112721417069244,133.9497583480498,10.137436519953638,85.4
20-07-2025 - EBD - O Plano de Deus para a Humanidade - Parte I,True,True,True,"O Plano de Deus para a Humanidade por Presbítero Humberto Elias
",20-07-2025 - EBD - O Plano de Deus para a Humanidade - Parte I [2133462618].m4a,20-07-2025 - EBD - O Plano de Deus para a Humanidade - Parte I.txt,Presbítero Humberto Elias,1:04:54,2133462618,44,3894.66,1753039784,20-07-2025-ebd-cfw-32-do-estado-do-homem-depois-da-morte-e-da-ressureicao-dos-mortos-e-cfw-33-do-juizo-final-parte-i,4wHMGA8Fyac1B0DNoe1fQg,2025-07-20,8778,731,1.0181058495821727,135.23131672597864,11.261573539153611,81.5
21-09-2025 - EBD - CFW 28 - Do Batismo - Aula2,True,True,True,CFW 28 - Do Batismo - Parte II por Pastor Bruno Melo,21-09-2025 - EBD - CFW 28 - Do Batismo - Aula2 [2186621798].m4a,21-09-2025 - EBD - CFW 28 - Do Batismo - Aula2.txt,Reverendo Bruno Melo,1:05:22,2186621798,38,3922.804,1760054672,21-09-2025-ebd-cfw-28-do-batismo-parte-ii,,2025-09-21,9173,652,1.0465489566613162,140.30270184286547,9.97245847613085,82.9
22-02-2026 - 2 Reis 18.13-19.9a- ＂Que Confiança é essa ？＂,True,True,True,,22-02-2026 - 2 Reis 18.13-19.9a- ＂Que Confiança é essa ？＂ [2293687103].m4a,22-02-2026 - 2 Reis 18.13-19.9a- ＂Que Confiança é essa ？＂.txt,,50:28,2293687103,26,3028.975,1774919282,22-02-2026-2-reis-18-13-19-9a,,2026-02-22,6436,475,1.0281385281385282,127.48867191046476,9.409123548395083,84.5
22-06-2025 - EBD - Eleição de Diáconos - Aula 1,True,True,True,"Eleição de Diáconos - Aula 1 por Pastor Bruno Melo
",22-06-2025 - EBD - Eleição de Diáconos - Aula 1 [2125398285].m4a,22-06-2025 - EBD - Eleição de Diáconos - Aula 1.txt,Reverendo Bruno Melo,59:37,2125398285,43,3577.9,1751798577,22-06-2025-ebd-eleicao-de-diaconos-aula-1,2N4jV8PR0RkGM9KGs95zA2,2025-06-22,8464,541,1.0423892100192678,141.938008328908,9.072360882081668,83.4
22-06-2025 - Levítico 25.8-34 - O dia do recomeço,True,True,True, Levítico 25.8-34 por Pastor André,22-06-2025 - Levítico 25.8-34 - O dia do recomeço [2125402890].m4a,22-06-2025 - Levítico 25.8-34 - O dia do recomeço.txt,Pastor André,55:55,2125402890,35,3355.496,1751799772,22-06-2025-levitico-258-34-o-dia-do-recomeco,0IdWPmubiZiRAZbEdv5KXT,2025-06-22,7729,433,1.0906801007556675,138.20311512813603,7.742521522898552,89.3
22-12-2024 - 1 Coríntios 1.18-25,True,True,True,1 Coríntios 1.18-25 por Reverendo Saulo,22-12-2024 - 1 Coríntios 1.18-25 [1996040355].m4a,22-12-2024 - 1 Coríntios 1.18-25.txt,Reverendo Saulo,51:44,1996040355,57,3104.435,1735407940,22-12-2024-1-corintios-118-25,2K91M42fV41D28U8Rj8nQL,2024-12-22,7565,733,1.0166435506241331,146.21017995222962,14.166829068735534,80.4
22-12-2024 - EBD - CFW 15 - Do Arrependimento Para a Vida,True,True,True,CFW 15 - Do Arrependimento Para a Vida por Presbítero Humberto Elias,22-12-2024 - EBD - CFW 15 - Do Arrependimento Para a Vida [1992129555].m4a,22-12-2024 - EBD - CFW 15 - Do Arrependimento Para a Vida.txt,Presbítero Humberto Elias,57:32,1992129555,81,3452.919,1734896376,22-12-2024-ebd-cfw-15-do-arrependimento-para-a-vida,3sqaZc6R0d48QDDctevko7,2024-12-22,7980,600,1.0452961672473868,138.66528580600936,10.425961338797697,82.5
23-02-2025 - EBD - CFW 21 - Do Culto Religioso e do Domingo - Aula 3,True,True,True,CFW 21 - Do Culto Religioso e do Domingo - Aula 3 por Presbítero César Miranda,23-02-2025 - EBD - CFW 21 - Do Culto Religioso e do Domingo - Aula 3 [2042875164].m4a,23-02-2025 - EBD - CFW 21 - Do Culto Religioso e do Domingo - Aula 3.txt,Presbítero César Miranda,56:43,2042875164,49,3403.386,1740612041,23-02-2025-ebd-cfw-21-do-culto-religioso-e-do-domingo-aula-3,0FncImaaPOnzE07K6ZCJAQ,2025-02-23,8221,577,1.0567765567765568,144.93213523238327,10.172222604194763,82.8
23-03-2025 - Salmos 96,True,True,True,,23-03-2025 - Salmos 96 [2068785720].m4a,23-03-2025 - Salmos 96.txt,,52:49,2068785720,39,3169.263,1743553722,23-03-2025-salmos-96,4YJWmt4OdSUaVP43DutzZw,2025-03-23,6227,524,1.0115830115830116,117.88860690955595,9.920287461154217,84.5
23-11-2025 - Romanos 8.31-39,True,True,True,"Romanos 8.31-39 por Pr. Lucas Antunes
",23-11-2025 - Romanos 8.31-39 [2221563614].m4a,23-11-2025 - Romanos 8.31-39.txt,Pastor Lucas Antunes,49:04,2221563614,39,2944.705,1764523085,23-11-2025-romanos-831-39,,2025-11-23,5967,460,1.0623556581986142,121.58093934706534,9.372755505220388,82.7
24-08-2025 - EBD - CFW 33 - Do Juízo Final - Parte II,True,True,True,"CFW 33 - Do Juízo Final - Parte II por Presbítero Humberto Elias
",24-08-2025 - EBD - CFW 33 - Do Juízo Final - Parte II [2158737579].m4a,24-08-2025 - EBD - CFW 33 - Do Juízo Final - Parte II.txt,Presbítero Humberto Elias,59:37,2158737579,54,3577.279,1756085646,24-08-2025-ebd-cfw-33-do-juizo-final-parte-ii,100Ip0B8177LLrBSpSdOw1,2025-08-24,7619,581,1.0246913580246915,127.78986486656478,9.744836787960907,80.6
"25-05-2025 - 2 Reis 6.24-7.2 (Parte I) - ＂Eis que tu verás com os teus olhos, porém disso não comerás＂",True,True,True,"2 Reis 6.24-7.2 (Parte I) por Pastor Bruno Melo
","25-05-2025 - 2 Reis 6.24-7.2 (Parte I) - ＂Eis que tu verás com os teus olhos, porém disso não comerás＂ [2109768972].m4a","25-05-2025 - 2 Reis 6.24-7.2 (Parte I) - ＂Eis que tu verás com os teus olhos, porém disso não comerás＂.txt",Reverendo Bruno Melo,53:58,2109768972,67,3238.64,1749380799,25-05-2025-2-reis-624-72-parte-i-eis-que-tu-veras-com-os-teus-olhos-porem-disso-nao-comeras,7liZGoRKCgY0Yv8kywPyGJ,2025-05-25,7462,507,1.0389344262295082,138.24321320060272,9.39283155892597,85.0
25-05-2025 - EBD - CFW 25 - Da Igreja,True,True,True,"CFW 25 - Da Igreja por Presbítero Éder Mota
",25-05-2025 - EBD - CFW 25 - Da Igreja [2109763392].m4a,25-05-2025 - EBD - CFW 25 - Da Igreja.txt,Presbítero Éder Mota,1:05:12,2109763392,40,3912.116,1749379532,25-05-2025-ebd-cfw-25-da-igreja,17k1wx84ohBwY8YXtzodSD,2025-05-25,10290,589,1.1240458015267176,157.81740623233054,9.033474467526014,79.5
26-01-2025 - 1 Reis 22.52 - 2 Reis 1.18 - O homem de Deus e o fogo de Deus,True,True,True,1 Reis 22.52 - 2 Reis 1.18 por Pastor Bruno Melo,26-01-2025 - 1 Reis 22.52 - 2 Reis 1.18 - O homem de Deus e o fogo de Deus [2025338072].m4a,26-01-2025 - 1 Reis 22.52 - 2 Reis 1.18 - O homem de Deus e o fogo de Deus.txt,Reverendo Bruno Melo,52:12,2025338072,38,3132.678,1738627611,26-01-2025-1-reis-2252-2-reis-118,3aMYZFbEw586FIlVgfxvF9,2025-01-26,7039,492,1.0314465408805031,134.8175586510966,9.423247457925774,86.2
26-04-2026 - EBD - Evangelismo e Missões - A História das Missões II,True,True,True,,26-04-2026 - EBD - Evangelismo e Missões - A História das Missões II [2358906275].m4a,26-04-2026 - EBD - Evangelismo e Missões - A História das Missões II.txt,,1:01:23,2358906275,20,3683.77,1783814860,26-04-2026-ebd-evangelismo-e,,2026-04-26,8715,788,1.0167741935483872,141.94697280231935,12.834677517868922,78.8
27-04-2025 - EBD - CFW 23 - Do Magistrado Civil - Parte IV,True,True,True,"CFW 23 - Do Magistrado Civil - Parte IV por Pastor Bruno Melo
",27-04-2025 - EBD - CFW 23 - Do Magistrado Civil - Parte IV [2086853619].m4a,27-04-2025 - EBD - CFW 23 - Do Magistrado Civil - Parte IV.txt,Reverendo Bruno Melo,1:12:57,2086853619,42,4377.224,1745885992,27-04-2025-ebd-cfw-23-do-magistrado-civil-parte-iv,1ieUNC599CDbeZbAZ13sg4,2025-04-27,11527,866,1.0548112058465287,158.0042510961285,11.870537125813073,78.4
"27-04-2025 - Gênesis 9.1-17 - ＂Se alguém derramar o sangue do homem, pelo homem se derramará o seu＂",True,True,True,"Gênesis 9.1-17 por Pastor Bruno Melo
","27-04-2025 - Gênesis 9.1-17 - ＂Se alguém derramar o sangue do homem, pelo homem se derramará o seu＂ [2086853838].m4a","27-04-2025 - Gênesis 9.1-17 - ＂Se alguém derramar o sangue do homem, pelo homem se derramará o seu＂.txt",Reverendo Bruno Melo,47:09,2086853838,87,2829.685,1745886053,27-04-2025-genesis-91-17-se-alguem-derramar-o-sangue-do-homem-pelo-homem-se-derramara-o-seu,7HoacjlR0qkD7wKTYrIm9p,2025-04-27,6744,428,1.0413625304136254,142.99824892169977,9.0752150857781,84.1
27-07-2025 - EBD - O Plano de Deus para a Humanidade - Parte II,True,True,True,"O Plano de Deus para a Humanidade Parte II por Presbítero Humberto Elias
",27-07-2025 - EBD - O Plano de Deus para a Humanidade - Parte II [2139284433].m4a,27-07-2025 - EBD - O Plano de Deus para a Humanidade - Parte II.txt,Presbítero Humberto Elias,1:08:27,2139284433,48,4107.292,1753921094,27-07-2025-ebd-cfw-32-do-estado-do-homem-depois-da-morte-e-da-ressureicao-dos-mortos-e-cfw-33-do-juizo-final-parte-ii,0OWM1aUMqyHAZYJ8zUJIHQ,2025-07-27,7853,587,1.0280210157618213,114.71792119966146,8.574992963733768,78.1
28-12-2025 - Rute 4mp3,True,True,True,Rute 4 por Presbítero João Marcus,28-12-2025 - Rute 4mp3 [2240506196].m4a,28-12-2025 - Rute 4mp3.txt,Presbítero João Marcus,39:19,2240506196,34,2359.517,1767378333,28-12-2025-rute-4mp3,,2025-12-28,5840,434,1.0260047281323876,148.50496944925592,11.036156976194706,83.8
29-06-2025 - EBD - Eleição de Diáconos - Aula 2,True,True,True,"Eleição de Diáconos - Aula 2 por Pastor Bruno Melo
",29-06-2025 - EBD - Eleição de Diáconos - Aula 2 [2125403148].m4a,29-06-2025 - EBD - Eleição de Diáconos - Aula 2.txt,Reverendo Bruno Melo,1:06:35,2125403148,38,3995.741,1751799849,29-06-2025-ebd-eleicao-de-diaconos-aula-2,5hWZp2Qsgg0LcfHvXMDssH,2025-06-29,9555,641,1.0508196721311476,143.47776795342844,9.625248483322618,82.9
"29-12-2024 - 1 Reis 21 - Humilhe-se perante o Senhor, Ele está pronto para perdoá-lo",True,True,True,1 Reis 21 por Pastor Bruno Melo,"29-12-2024 - 1 Reis 21 - Humilhe-se perante o Senhor, Ele está pronto para perdoá-lo [2002802811].m4a","29-12-2024 - 1 Reis 21 - Humilhe-se perante o Senhor, Ele está pronto para perdoá-lo.txt",Reverendo Bruno Melo,53:40,2002802811,44,3220.582,1736212225,29-12-2024-1-reis-21-humilhe-se-perante-o-senhor-ele-esta-pronto-para-perdoa-lo,5PHvv5T2mcKnWgW9VJEAWc,2024-12-29,7074,534,1.015209125475285,131.78984419586274,9.948512411731793,86.4
29-12-2024 - EBD - CFW 10 - Da Vocação Eficaz,True,True,True,,29-12-2024 - EBD - CFW 10 - Da Vocação Eficaz [2002797083].m4a,29-12-2024 - EBD - CFW 10 - Da Vocação Eficaz.txt,Presbítero João Marcus,1:02:11,2002797083,50,3731.57,1736211471,29-12-2024-ebd-cfw-10-da-vocacao-eficaz,0XAoOI7pnhV8f1uadi82xo,2024-12-29,10023,712,1.1827242524916943,161.16004791548866,11.448264403454846,74.9
2º Congresso de Mulheres - Feminilidade e Sexualidade à Luz da Palavra de Deus - Parte I,True,True,True,,2º Congresso de Mulheres - Feminilidade e Sexualidade à Luz da Palavra de Deus - Parte I [2055753816].m4a,2º Congresso de Mulheres - Feminilidade e Sexualidade à Luz da Palavra de Deus - Parte I.txt,Reverendo Orebe Quaresma,1:08:08,2055753816,129,4088.033,1742145932,2-congresso-de-mulheres-feminilidade-e-sexualidade-a-luz-da-palavra-de-deus-parte-i,7dJP53WvuXMO5XgUEfBkN6,2025-03-16,8405,775,1.015727391874181,123.36006093884272,11.374663560690434,78.2
2º Congresso de Mulheres - Feminilidade e Sexualidade à Luz da Palavra de Deus - Parte II,True,True,True,,2º Congresso de Mulheres - Feminilidade e Sexualidade à Luz da Palavra de Deus - Parte II [2055759268].m4a,2º Congresso de Mulheres - Feminilidade e Sexualidade à Luz da Palavra de Deus - Parte II.txt,Reverendo Orebe Quaresma,1:11:16,2055759268,95,4276.799,1742146495,2-congresso-de-mulheres-feminilidade-e-sexualidade-a-luz-da-palavra-de-deus-parte-ii,50CORiU7czOudpax9eT786,2025-03-16,9518,883,1.0303383897316218,133.52977308496378,12.387769450937489,79.1
2º Congresso de Mulheres - Feminilidade e Sexualidade à Luz da Palavra de Deus - Parte III,True,True,True,,2º Congresso de Mulheres - Feminilidade e Sexualidade à Luz da Palavra de Deus - Parte III [2055760664].m4a,2º Congresso de Mulheres - Feminilidade e Sexualidade à Luz da Palavra de Deus - Parte III.txt,Reverendo Orebe Quaresma,1:15:41,2055760664,96,4541.15,1742146652,2-congresso-de-mulheres-feminilidade-e-sexualidade-a-luz-da-palavra-de-deus-parte-iii,6V1iY87OFbK7T4bskNi1g4,2025-03-16,10831,952,1.016008537886873,143.104720170001,12.578311661143104,79.1
30-03-2025 - 2 Reis 5  - Parte I -  Diante dele,True,True,True,,30-03-2025 - 2 Reis 5  - Parte I -  Diante dele [2069781600].m4a,30-03-2025 - 2 Reis 5  - Parte I -  Diante dele.txt,Reverendo Bruno Melo,54:13,2069781600,66,3253.405,1743674196,30-03-2025-2-reis-5-parte-i-diante-dele,4uLxEhNhQYLl5drLWhnCDN,2025-03-30,7322,483,1.0320512820512822,135.0339106259442,8.907590662705687,86.4
30-03-2025 - EBD - EBD - CFW 22 - Dos Juramentos Legais e dos Votos - Parte II,True,True,True,"EBD - CFW 22 - Dos Juramentos Legais e dos Votos - Parte II por Seminarista Fabrício Zamboni
",,30-03-2025 - EBD - EBD - CFW 22 - Dos Juramentos Legais e dos Votos - Parte II.txt,Seminarista Fabrício Zamboni,1:03:26,2068812956,42,3806.387,1743557222,30-03-2025-ebd-ebd-cfw-22-dos-juramentos-legais-e-dos-votos-parte-ii,2O351AfPMHjjeEJCGNC0Sj,2025-03-30,6843,440,1.0328638497652582,107.86606826893849,6.935710951093517,87.2
30-11-2025 - 2 Reis 16.10-20 - O culto é o caminho para a presença de Deus,True,True,True,"O culto é o caminho para a presença de Deus  por Pastor Bruno Melo
",30-11-2025 - 2 Reis 16.10-20 - O culto é o caminho para a presença de Deus [2230355342].m4a,30-11-2025 - 2 Reis 16.10-20 - O culto é o caminho para a presença de Deus.txt,Reverendo Bruno Melo,53:28,2230355342,32,3208.986,1765841355,30-11-2025-2-reis-1610-20-o-culto-e-o-caminho-para-a-presenca-de-deus,,2025-11-30,7388,499,1.0374220374220373,138.13709377354715,9.330050053194373,84.6
31-08-2025 - EBD - CFW 29 - Da Ceia do Senhor,True,True,True,CFW 29 - Da Ceia do Senhor  por Presb. Éder Mota,31-08-2025 - EBD - CFW 29 - Da Ceia do Senhor [2165094324].m4a,31-08-2025 - EBD - CFW 29 - Da Ceia do Senhor.txt,Presbítero Éder Mota,1:00:34,2165094324,44,3634.728,1757029202,31-08-2025-ebd-cfw-29-da-ceia-do-senhor,6N24rQ8UCxK4p6vQuI2vtf,2025-08-31,9340,554,1.0778210116731517,154.17934987157224,9.145113472039723,81.9
31-08-2025 - Provérbios 4.23,True,True,True,Provérbios 4.23 por Pr. Lucas Antunes,31-08-2025 - Provérbios 4.23 [2165561007].m4a,31-08-2025 - Provérbios 4.23.txt,Pastor Lucas Antunes,42:28,2165561007,42,2548.184,1757097748,20250831_002_31-08-2025,7ibQgZvt2q5KC2JVeInKil,2025-08-31,4702,411,1.0123152709359606,110.71413995221694,9.677480119175067,85.8
3º Congresso de Mulheres - Transformadas por Cristo - Parte I,True,True,True,3º Congresso de Mulheres - Transformadas por Cristo - Paula Ximenes,3º Congresso de Mulheres - Transformadas por Cristo - Parte I [2297238698].m4a,3º Congresso de Mulheres - Transformadas por Cristo - Parte I.txt,Paula Ximenes,50:50,2297238698,22,3050.097,1775439865,3-congresso-de-mulheres,,2026-04-06,7146,571,1.0214669051878353,140.57257851143748,11.232429657155164,84.5
II Confraria Peregrinos - O dever do homem crente - Parte I,True,True,True,II Confraria Peregrinos - O dever do homem crente por Reverendo Gustavo Quintela,II Confraria Peregrinos - O dever do homem crente - Parte I [2123517330].m4a,II Confraria Peregrinos - O dever do homem crente - Parte I.txt,Reverendo Gustavo Quintela,52:22,2123517330,37,3142.369,1751501866,ii-confraria-peregrinos-o-dever-do-homem-crente-parte-i,24dtRA9rnNq0IF1J7vlJFf,2025-07-03,7176,466,1.0286975717439293,137.01764496785705,8.897745618035309,82.9
II Confraria Peregrinos - O dever do homem crente - Parte II,True,True,True,"II Confraria Peregrinos - O dever do homem crente por Reverendo Gustavo Quintela
",II Confraria Peregrinos - O dever do homem crente - Parte II [2123519028].m4a,II Confraria Peregrinos - O dever do homem crente - Parte II.txt,Reverendo Gustavo Quintela,1:02:51,2123519028,37,3771.838,1751502222,ii-confraria-peregrinos-o-dever-do-homem-crente-parte-ii,1TY3fTkkifG6AASDal6Yu6,2025-07-03,9503,787,1.023407022106632,151.16768005412746,12.519095464863549,81.7
II Confraria Peregrinos - O dever do homem crente - Perguntas e Respostas,True,True,True,"II Confraria Peregrinos - O dever do homem crente por Reverendo Gustavo Quintela
",II Confraria Peregrinos - O dever do homem crente - Perguntas e Respostas [2123519739].m4a,II Confraria Peregrinos - O dever do homem crente - Perguntas e Respostas.txt,Reverendo Gustavo Quintela,19:38,2123519739,42,1178.176,1751502359,20250614_002-ii-confraria,6mfDRtg6Fwn0icoZS3ySt5,2025-07-03,3070,252,1.0202429149797572,156.34336465859093,12.833396708131893,77.1
01-12-2024 - 1 Reis 19.19-21 - Tudo entregarei... tudo deixarei,True,True,True,1 Reis 19.19-21 por Pastor Bruno Melo,01-12-2024 - 1 Reis 19.19-21 - Tudo entregarei... tudo deixarei [1987371107].m4a,01-12-2024 - 1 Reis 19.19-21 - Tudo entregarei... tudo deixarei.txt,Reverendo Bruno Melo,51:00,1987371107,53,3060.934,1734400607,01-12-2024-1-reis-1919-21-tudo-entregarei-tudo-deixarei,063Pqi6b76DoW8FLFpFjPU,2024-12-01,6867,494,1.0356394129979036,134.6059732094844,9.68331888240648,85.2
01-12-2024 - EBD - CFW 13 - Da Santificação,True,True,True,CFW 13 - Da Santificação por Presbítero Éder Mota,01-12-2024 - EBD - CFW 13 - Da Santificação [1987364519].m4a,01-12-2024 - EBD - CFW 13 - Da Santificação.txt,Presbítero Éder Mota,50:48,1987364519,51,3048.509,1734399743,01-12-2024-ebd-cfw-13-da-santificacao,3jYbNIBDRq5cZFpeGvgG2w,2024-12-01,8013,550,1.0436432637571158,157.70988374972814,10.824963941389052,79.7
02-03-2025 - 2 Pedro 1.1-4 - Buscando aquilo que você já tem,True,True,True,"2 Pedro 1.1-4 por Seminarista Fabrício Zamboni
",02-03-2025 - 2 Pedro 1.1-4 - Buscando aquilo que você já tem [2051378456].m4a,02-03-2025 - 2 Pedro 1.1-4 - Buscando aquilo que você já tem.txt,Seminarista Fabrício Zamboni,52:11,2051378456,55,3131.187,1741654190,02-03-2025-2-pedro-11-4-buscando-aquilo-que-voce-ja-tem,5rM6GRWzNM9fW0gzYUWVjG,2025-03-02,6349,468,1.0263157894736843,121.65993279864793,8.967845101554138,88.5
02-11-2025 - EBD - CFW 28 - Do Batismo -Aula 6,True,True,True,CFW 28 - Do Batismo - Parte VII por Pastor Bruno Melo,02-11-2025 - EBD - CFW 28 - Do Batismo -Aula 6 [2209136477].m4a,02-11-2025 - EBD - CFW 28 - Do Batismo -Aula 6.txt,Reverendo Bruno Melo,46:47,2209136477,35,2807.679,1762623837,02-11-2025-ebd-cfw-28-do-batismo-parte-vii,,2025-11-02,6218,336,1.1546391752577319,132.87843802656926,7.180308005295476,85.2
"03-08-2025 - 2 Reis 10.18-28 - ＂Assim, Jeú exterminou de Israel a Baal＂",True,True,True,2 Reis 10.18-28 por Pastor Bruno Melo,"03-08-2025 - 2 Reis 10.18-28 - ＂Assim, Jeú exterminou de Israel a Baal＂ [2150993778].m4a","03-08-2025 - 2 Reis 10.18-28 - ＂Assim, Jeú exterminou de Israel a Baal＂.txt",Reverendo Bruno Melo,53:55,2150993778,44,3235.447,1754851073,03-08-2025-2-reis-1018-28-assim-jeu-exterminou-de-israel-a-baal,6Fh55Vx016xtBt45om3b51,2025-08-03,7234,520,1.0276679841897234,134.15147891466,9.643180679516616,85.4
04-01-2026 - 2 Reis  17.20-23- “Jeroboão apartou a Israel de seguir o SENHOR”mp3,True,True,True,2 Reis  17.20-23 por Pastor Bruno Melo,04-01-2026 - 2 Reis  17.20-23- “Jeroboão apartou a Israel de seguir o SENHOR”mp3 [2243010614].m4a,04-01-2026 - 2 Reis  17.20-23- “Jeroboão apartou a Israel de seguir o SENHOR”mp3.txt,Reverendo Bruno Melo,49:06,2243010614,52,2946.25,1767755111,04-01-2026-2-reis-1720-23-jeroboao-apartou-a-israel-de-seguir-o-senhormp3,,2026-01-04,6461,484,1.0189473684210526,131.57742893508697,9.856597369537548,85.6
04-01-2026 - EBD - Evangelismo e Missões - O que é o evangelho ？,True,True,True,Evangelismo e Missões - O que é o evangelho? por Pastor Bruno Melo,04-01-2026 - EBD - Evangelismo e Missões - O que é o evangelho ？ [2243005094].m4a,04-01-2026 - EBD - Evangelismo e Missões - O que é o evangelho ？.txt,Reverendo Bruno Melo,1:06:57,2243005094,29,4017.207,1767754028,04-01-2026-ebd-evangelismo-e-missoes-o-que-e-o-evangelho,,2026-01-04,9733,797,1.032383419689119,145.36965608194947,11.903792859068501,79.5
05-10-2025 - EBD - CFW 28 - Do Batismo - Aula 4,True,True,True,CFW 28 - Do Batismo - Parte IV por Pastor Bruno Melo,05-10-2025 - EBD - CFW 28 - Do Batismo - Aula 4 [2189643703].m4a,05-10-2025 - EBD - CFW 28 - Do Batismo - Aula 4.txt,Reverendo Bruno Melo,1:06:56,2189643703,30,4016.58,1760400118,05-10-2025-ebd-cfw-28-do,,2025-10-05,9271,656,1.0496,138.49095499156,9.799381563419626,82.5
06-09-2025 - VII Conferência Peregrinos - Vivendo a cidadania celestial em tempos de cidadania terrena - Parte II,True,True,True,VII Conferência Peregrinos - Vivendo a cidadania celestial em tempos de cidadania terrena - Parte II - Jeremias 29: Vida no exílio,06-09-2025 - VII Conferência Peregrinos - Vivendo a cidadania celestial em tempos de cidadania terrena - Parte II [2166018978].m4a,06-09-2025 - VII Conferência Peregrinos - Vivendo a cidadania celestial em tempos de cidadania terrena - Parte II.txt,Pastor Davi Charles Gomes,1:37:41,2166018978,42,5861.498,1757174377,06-09-2025-vii-conferencia-peregrinos-vivendo-a-cidadania-celestial-em-tempos-de-cidadania-terrena-parte-ii,6RCZLxjih9HNC1AKH9ZvOT,2025-09-06,12979,905,1.065959952885748,132.85682260746316,9.263843474825036,82.2
07-12-2025 - EBD - CFW 28 - Do Batismo - Batismo Infantil - Aula 3,True,True,True,"CFW 28 - Do Batismo - Batismo Infantil - Aula 3 por Marco Túlio
",07-12-2025 - EBD - CFW 28 - Do Batismo - Batismo Infantil - Aula 3 [2230387766].m4a,07-12-2025 - EBD - CFW 28 - Do Batismo - Batismo Infantil - Aula 3.txt,Presbítero Marco Túlio,1:04:39,2230387766,39,3879.087,1765843947,07-12-2025-ebd-cfw-28-do-batismo-batismo-infantil-aula-3,,2025-12-07,10688,952,1.0116896918172158,165.31725119854235,14.725114440588726,67.3
08-03-2026 - 2 Reis 19.9b-20- ＂Eu te ouvi＂,True,True,True,2 Reis 19.9b-20 por Pastor Bruno Melo,08-03-2026 - 2 Reis 19.9b-20- ＂Eu te ouvi＂ [2297030858].m4a,08-03-2026 - 2 Reis 19.9b-20- ＂Eu te ouvi＂.txt,Reverendo Bruno Melo,52:19,2297030858,25,3139.835,1775407338,08-03-2026-2-reis-19-9b-20-eu,,2026-03-08,6767,508,1.0200803212851406,129.31252756912386,9.707516477776698,84.5
08-06-2025 - 2 Reis 6.24-7.20 (Parte II) - Eis que tu verás com os teus olhos porém disso não comerás,True,True,True,2 Reis 6.24-7.20 (Parte II) por Pastor Bruno Melo,08-06-2025 - 2 Reis 6.24-7.20 (Parte II) - Eis que tu verás com os teus olhos porém disso não comerás [2126890884].m4a,08-06-2025 - 2 Reis 6.24-7.20 (Parte II) - Eis que tu verás com os teus olhos porém disso não comerás.txt,Reverendo Bruno Melo,52:20,2126890884,40,3140.331,1752025689,08-06-2025-2-reis-624-72-parte-ii-eis-que-tu-veras-com-os-teus-olhos-porem-disso-nao-comeras,2BuoYeP8dUBrvFOjggpPFJ,2025-06-08,7275,454,1.0436781609195402,138.9980865074414,8.674244848711808,84.4
12-04-2026 - EBD - Evangelismo e Missões - O mundo ao lado V,True,True,True,Evangelismo e Missões - O mundo ao lado V por Pr. Lucas Antunes,12-04-2026 - EBD - Evangelismo e Missões - O mundo ao lado V [2309636336].m4a,12-04-2026 - EBD - Evangelismo e Missões - O mundo ao lado V.txt,Pastor Lucas Antunes,1:02:54,2309636336,27,3774.804,1777224671,12-04-2026-ebd-evangelismo-e,,2026-04-12,8632,795,1.0446780551905388,137.20447472239618,12.636417678904653,76.1
12-10-2025 - EBD - CFW 28 - Do Batismo - Aula 5,True,True,True,"CFW 28 - Do Batismo -CFW 28 - Do Batismo - Parte V por Pastor Bruno Melo Parte V por Pastor Bruno Melo
",12-10-2025 - EBD - CFW 28 - Do Batismo - Aula 5 [2203513163].m4a,12-10-2025 - EBD - CFW 28 - Do Batismo - Aula 5.txt,Reverendo Bruno Melo,1:05:33,2203513163,33,3933.545,1761933106,12-10-2025-ebd-cfw-28-do-batismo-parte-v,,2025-10-12,9133,599,1.0345423143350605,139.30945241506072,9.136796452055334,82.4
13-04-2025 - EBD - CFW 23 - Do Magistrado Civil - Parte II,True,True,True,"CFW 23 - Do Magistrado Civil - Parte II por Pastor Bruno Melo
",13-04-2025 - EBD - CFW 23 - Do Magistrado Civil - Parte II [2082731973].m4a,13-04-2025 - EBD - CFW 23 - Do Magistrado Civil - Parte II.txt,Reverendo Bruno Melo,1:04:16,2082731973,40,3856.665,1745276628,13-04-2025-ebd-cfw-23-do-magistrado-civil-parte-ii,6hqMm5jM1hUoD9rMWqa3u3,2025-04-13,9379,731,1.0413105413105412,145.91363263337624,11.372520039982732,81.4
"14-09-2025 - 2 Pedro 1.8,9 - Quem Não Cresce, Esquece",True,True,True,"2 Pedro 1.8,9 por Seminarista Fabrício Zamboni","14-09-2025 - 2 Pedro 1.8,9 - Quem Não Cresce, Esquece [2185506963].m4a","14-09-2025 - 2 Pedro 1.8,9 - Quem Não Cresce, Esquece.txt",Seminarista Fabrício Zamboni,47:13,2185506963,43,2833.681,1759974915,14-09-2025-2-pedro-189-quem-nao-cresce-esquece,,2025-09-14,5326,426,1.0215827338129497,112.77204455970873,9.020069654982334,87.6
14-12-2025 - EBD - CFW 28 - Do Batismo - Batismo Infantil - Aula 4,True,True,True,CFW 28 - Do Batismo - Batismo Infantil - Aula 4 por Marco Túlio,14-12-2025 - EBD - CFW 28 - Do Batismo - Batismo Infantil - Aula 4 [2238699443].m4a,14-12-2025 - EBD - CFW 28 - Do Batismo - Batismo Infantil - Aula 4.txt,Presbítero Marco Túlio,48:58,2238699443,26,2938.584,1767058126,14-12-2025-ebd-cfw-28-do-batismo-batismo-infantil-aula-4,,2025-12-14,8215,820,1.0049019607843137,167.73384732238384,16.742757736379154,71.6
"15-02-2026 - EBD - Evangelismo e Missões - Missões, Evangelismo e Ação Social",True,True,True,Evangelismo e Missões - Missões Evangelismo e Ação Social por Seminarista Felipe Ricieri,"15-02-2026 - EBD - Evangelismo e Missões - Missões, Evangelismo e Ação Social [2269895996].m4a","15-02-2026 - EBD - Evangelismo e Missões - Missões, Evangelismo e Ação Social.txt",Seminarista Felipe Ricieri,1:06:28,2269895996,29,3988.623,1771546493,5-02-2026-ebd-evangelismo-e,,2026-02-15,8798,700,1.0558069381598794,132.34642632306938,10.52994980974637,77.1
15-02-2026 - João 6.16-21- Jesus é a melhor lembrança,True,True,True,João 6.16-21 por Pr.  André,15-02-2026 - João 6.16-21- Jesus é a melhor lembrança [2269902284].m4a,15-02-2026 - João 6.16-21- Jesus é a melhor lembrança.txt,Pastor André,47:08,2269902284,48,2828.552,1771546803,15-02-2026-joao-6-16-21-jesus,,2026-02-15,6134,335,1.1754385964912282,130.11604524152287,7.106109415701037,87.7
"15-03-2026 - 2 Reis 19.21-27- ＂Acaso, não ouviste？＂",True,True,True,2 Reis 19.21-27 por Pastor Bruno Melo,"15-03-2026 - 2 Reis 19.21-27- ＂Acaso, não ouviste？＂ [2297049443].m4a","15-03-2026 - 2 Reis 19.21-27- ＂Acaso, não ouviste？＂.txt",Reverendo Bruno Melo,51:24,2297049443,24,3084.707,1775409870,15-03-2026-2-reis-19-21-27,,2026-03-15,6530,482,1.0299145299145298,127.013683957666,9.375282644348394,85.9
17-08-2025 - 2 Reis 11 - Escondido na Casa do SENHOR,True,True,True,"2 Reis 11 por Pastor Bruno Melo
",17-08-2025 - 2 Reis 11 - Escondido na Casa do SENHOR [2157327672].m4a,17-08-2025 - 2 Reis 11 - Escondido na Casa do SENHOR.txt,Reverendo Bruno Melo,54:53,2157327672,40,3293.154,1755826157,17-08-2025-2-reis-11-escondido-na-casa-do-senhor,20HFisg0YrNuTz5iVZd0EK,2025-08-17,7395,556,1.0431519699812384,134.7340573808574,10.130106275017809,87.2
19-04-2026 - EBD - Evangelismo e Missões - A História das Missões I,True,True,True,Evangelismo e Missões - A História das Missões I por Pastor Bruno Melo,19-04-2026 - EBD - Evangelismo e Missões - A História das Missões I [2309997227].m4a,19-04-2026 - EBD - Evangelismo e Missões - A História das Missões I.txt,Reverendo Bruno Melo,1:02:21,2309997227,42,3741.204,1777289980,19-04-2026-ebd-evangelismo-e,,2026-04-19,9514,734,1.0699708454810495,152.58189609548157,11.771611491915436,77.7
19-04-2026 - Mateus 2.1-12- Dois tronos não cabem no mesmo coração,True,True,True,Mateus 2.1-12 por Seminarista Fabrício Zamboni,19-04-2026 - Mateus 2.1-12- Dois tronos não cabem no mesmo coração [2309998022].m4a,19-04-2026 - Mateus 2.1-12- Dois tronos não cabem no mesmo coração.txt,Seminarista Fabrício Zamboni,52:37,2309998022,76,3157.913,1777290157,19-04-2026-mateus-2-1-12-dois,,2026-04-19,6067,497,1.0060728744939271,115.27233334167217,9.44294538829917,88.1
19-10-2025 - 2 Reis 14.1-22 - ＂Cada Qual será morto pelo seu própio pecado＂,True,True,True,2 Reis 14.1-22 por Pastor Bruno Melo,19-10-2025 - 2 Reis 14.1-22 - ＂Cada Qual será morto pelo seu própio pecado＂ [2209131104].m4a,19-10-2025 - 2 Reis 14.1-22 - ＂Cada Qual será morto pelo seu própio pecado＂.txt,Reverendo Bruno Melo,54:40,2209131104,33,3280.681,1762622936,19-10-2025-2-reis-141-22-cada-qual-sera-morto-pelo-seu-propio-pecado,,2025-10-19,7202,455,1.1097560975609757,131.71655519082776,8.321443017471069,86.4
19-10-2025 - EBD - Jonas 1.17-2.10 - O Vale da Visão de Jonas!,True,True,True,Jonas 1.17-2.10 - O Vale da Visão de Jonas! por Diácono Helbert Mendes,19-10-2025 - EBD - Jonas 1.17-2.10 - O Vale da Visão de Jonas! [2203526059].m4a,19-10-2025 - EBD - Jonas 1.17-2.10 - O Vale da Visão de Jonas!.txt,Diácono Helbert Mendes,53:31,2203526059,52,3211.45,1761934548,19-10-2025-ebd-jonas-117-210-o-vale-da-visao-de-jonas,,2025-10-19,6859,520,1.0317460317460319,128.1477214342431,9.715237665229102,87.5
20251228_001_28-12-2025 - EBD - Evangelismo e Missões - Introdução - A Armadura de Deus,True,True,True,Evangelismo e Missões - Introdução - A Armadura de Deus por Pastor Bruno Melo,20251228_001_28-12-2025 - EBD - Evangelismo e Missões - Introdução - A Armadura de Deus [2240497778].m4a,20251228_001_28-12-2025 - EBD - Evangelismo e Missões - Introdução - A Armadura de Deus.txt,Reverendo Bruno Melo,1:08:00,2240497778,29,4080.83,1767376916,20251228_001_28-12-2025-ebd,,2025-12-20,9403,660,1.0410094637223974,138.25128711561126,9.703908273561995,80.2
21-12-2025 - 1 Reis 12.25-13.34- Um conto de Natal： dois profetas e dois reinos,True,True,True,1 Reis 12.25-13.34 por Pastor Bruno Melo,21-12-2025 - 1 Reis 12.25-13.34- Um conto de Natal： dois profetas e dois reinos [2239696175].m4a,21-12-2025 - 1 Reis 12.25-13.34- Um conto de Natal： dois profetas e dois reinos.txt,Reverendo Bruno Melo,54:44,2239696175,29,3284.772,1767220663,21-12-2025-1-reis-1225-1334-um-conto-de-natal-dois-profetas-e-dois-reinos,,2025-12-21,7499,567,1.0253164556962024,136.97754364686497,10.356883217465322,86.1
21-12-2025 - EBD - CFW 28 - Do Batismo - Batismo Infantil - Aula 5,True,True,True,CFW 28 - Do Batismo - Batismo Infantil - Aula 5 por Marco Túlio,21-12-2025 - EBD - CFW 28 - Do Batismo - Batismo Infantil - Aula 5 [2238710999].m4a,21-12-2025 - EBD - CFW 28 - Do Batismo - Batismo Infantil - Aula 5.txt,Presbítero Marco Túlio,1:12:40,2238710999,35,4360.673,1767059649,21-12-2025-ebd-cfw-28-do-batismo-batismo-infantil-aula-5,,2025-12-21,11929,1055,1.006679389312977,164.135214908341,14.516107949392216,72.8
22-02-2026 - EBD - Evangelismo e Missões - Missões Transculturais I,True,True,True,,22-02-2026 - EBD - Evangelismo e Missões - Missões Transculturais I [2293683374].m4a,22-02-2026 - EBD - Evangelismo e Missões - Missões Transculturais I.txt,,1:02:25,2293683374,27,3745.125,1774918621,22-02-2026-ebd-evangelismo-e,,2026-02-22,8618,839,1.010843373493976,138.06748773405425,13.441473916090917,77.1
22-03-2026 - EBD - Evangelismo e Missões - Missões Transculturais III,True,True,True,,22-03-2026 - EBD - Evangelismo e Missões - Missões Transculturais III [2297066744].m4a,22-03-2026 - EBD - Evangelismo e Missões - Missões Transculturais III.txt,,1:01:23,2297066744,27,3683.285,1775412594,22-03-2026-ebd-evangelismo-e,,2026-03-22,9473,893,1.0217391304347827,154.3133371433381,14.546797220416014,76.7
22-03-2026 - Eclesiastes 4.1-6- Luta de classes,True,True,True,Eclesiastes 4.1-6 por Pr. Lucas Antunes,22-03-2026 - Eclesiastes 4.1-6- Luta de classes [2297068247].m4a,22-03-2026 - Eclesiastes 4.1-6- Luta de classes.txt,Pastor Lucas Antunes,58:34,2297068247,27,3514.552,1775412862,22-03-2026-eclesiastes-4-1-6,,2026-03-22,6993,526,1.0756646216768917,119.38363694718416,8.979807383700681,83.6
"23-02-2025 - 2 Reis 4.1-7 - ＂e aos pobres, anuncia-se-lhes o evangelho＂",True,True,True,"2 Reis 4.1-7 por Pastor Bruno Melo
","23-02-2025 - 2 Reis 4.1-7 - ＂e aos pobres, anuncia-se-lhes o evangelho＂ [2042881296].m4a","23-02-2025 - 2 Reis 4.1-7 - ＂e aos pobres, anuncia-se-lhes o evangelho＂.txt",Reverendo Bruno Melo,49:27,2042881296,66,2967.294,1740612981,23-02-2025-2-reis-41-7-e-aos-pobres-anuncia-se-lhes-o-evangelho,6Ecgm16P4S3QEsRaGnli1L,2025-02-23,6591,454,1.0202247191011236,133.27294160942597,9.18008124574107,85.5
23-11-2025 - EBD - CFW 28 - Do Batismo - Batismo Infantil - Aula 1,True,True,True,CFW 28 - Do Batismo - Batismo Infantil - Aula 1 por Marco Túlio,23-11-2025 - EBD - CFW 28 - Do Batismo - Batismo Infantil - Aula 1 [2221558229].m4a,23-11-2025 - EBD - CFW 28 - Do Batismo - Batismo Infantil - Aula 1.txt,Presbítero Marco Túlio,1:00:17,2221558229,33,3617.57,1764522277,23-11-2025-ebd-cfw-28-do-batismo-batismo-infantil-aula-1,,2025-11-23,10191,790,1.0273081924577374,169.02506378591153,13.102718122938878,76.5
24-08-2025 - Mateus 27.27-31,True,True,True,Mateus 27.27-31 por Pr. Gustavo Quintela,24-08-2025 - Mateus 27.27-31 [2158744419].m4a,24-08-2025 - Mateus 27.27-31.txt,Reverendo Gustavo Quintela,49:40,2158744419,55,2980.271,1756087138,24-08-2025-mateus-2727-31,6sPmRLtoziKn4aRD0gEuC9,2025-08-24,6003,336,1.037037037037037,120.85478132693301,6.764485511552472,76.9
"25-01-2026 - 2 Reis 17.24-41- Ao Senhor, vosso Deus, temereis",True,True,True,2 Reis 17.24-41 por Pastor Bruno Melo,"25-01-2026 - 2 Reis 17.24-41- Ao Senhor, vosso Deus, temereis [2268522908].m4a","25-01-2026 - 2 Reis 17.24-41- Ao Senhor, vosso Deus, temereis.txt",Reverendo Bruno Melo,47:27,2268522908,31,2847.708,1771372993,25-01-2026-2-reis-17-24-41-ao,,2026-01-25,6269,490,1.0272536687631026,132.0851716538353,10.324092217320034,84.9
25-01-2026 - EBD - Evangelismo e Missões - Evangelismo Comunicando a boa notícia,True,True,True,Evangelismo e Missões - Evangelismo Comunicando a boa notícia por Seminarista Fabrício Zamboni,25-01-2026 - EBD - Evangelismo e Missões - Evangelismo Comunicando a boa notícia [2268522086].m4a,25-01-2026 - EBD - Evangelismo e Missões - Evangelismo Comunicando a boa notícia.txt,Seminarista Fabrício Zamboni,1:04:08,2268522086,29,3848.733,1771372877,25-01-2026-ebd-evangelismo-e,,2026-01-25,7814,592,1.011965811965812,121.81671214916702,9.229011209663025,82.5
26-01-2025 - EBD - Atos 13.1-5 - Projeto Conviver,True,True,True,,26-01-2025 - EBD - Atos 13.1-5 - Projeto Conviver [2025333100].m4a,26-01-2025 - EBD - Atos 13.1-5 - Projeto Conviver.txt,,1:11:32,2025333100,52,4292.421,1738626931,26-01-2025-ebd-atos-131-5-projeto-conviver,0KtK2aBMUh8xXpHSNGiCpo,2025-01-26,8989,706,1.0537313432835822,125.64937129885442,9.868556695627014,81.8
26-10-2025 - 2 Reis 14.23-15.7 - Benção e castigo,True,True,True,2 Reis 14.23-15.7 por Pastor Bruno Melo,26-10-2025 - 2 Reis 14.23-15.7 - Benção e castigo [2209134896].m4a,26-10-2025 - 2 Reis 14.23-15.7 - Benção e castigo.txt,Reverendo Bruno Melo,49:47,2209134896,38,2987.969,1762623542,26-10-2025-2-reis-1423-157-bencao-e-castigo,,2025-10-26,6758,461,1.0267260579064588,135.70421915354544,9.257124153563842,84.7
"28-09-2025 - 2 Reis 13.1-9 - O SENHOR ouviu, viu e deu um salvador",True,True,True,2 Reis 13 por Pastor Bruno Melo,"28-09-2025 - 2 Reis 13.1-9 - O SENHOR ouviu, viu e deu um salvador [2189630131].m4a","28-09-2025 - 2 Reis 13.1-9 - O SENHOR ouviu, viu e deu um salvador.txt",Reverendo Bruno Melo,56:30,2189630131,35,3390.953,1760398047,28-09-2025-2-reis-13-o-senhor-ouviu-viu-e-deu-um-salvador,,2025-09-28,7255,533,1.0269749518304432,128.3709918716066,9.430977073406797,87.0
28-09-2025 - EBD - CFW 28 - Do Batismo - Aula 3,True,True,True,"CFW 28 - Do Batismo - Parte III por Pastor Bruno Melo
",28-09-2025 - EBD - CFW 28 - Do Batismo - Aula 3 [2186651388].m4a,28-09-2025 - EBD - CFW 28 - Do Batismo - Aula 3.txt,Reverendo Bruno Melo,1:00:24,2186651388,45,3624.568,1760057393,28-09-2025-ebd-cfw-28-do-batismo-parte-iii,,2025-09-28,8100,480,1.1267605633802817,134.08494474375982,7.945774503333914,85.4
29-03-2026 - 2 Reis 20- ＂Põe em ordem a tua casa＂,True,True,True,2 Reis 20 por Pastor Bruno Melo,29-03-2026 - 2 Reis 20- ＂Põe em ordem a tua casa＂ [2297252060].m4a,29-03-2026 - 2 Reis 20- ＂Põe em ordem a tua casa＂.txt,Reverendo Bruno Melo,50:19,2297252060,41,3019.16,1775442921,29-03-2026-2-reis-20-poe-em,,2026-03-29,6616,504,1.0349075975359343,131.48027928297938,10.016030949005684,85.5
29-03-2026 - EBD - Evangelismo e Missões - O mundo ao lado III,True,True,True,Evangelismo e Missões - O mundo ao lado III por Pr. Lucas Antunes,29-03-2026 - EBD - Evangelismo e Missões - O mundo ao lado III [2297250029].m4a,29-03-2026 - EBD - Evangelismo e Missões - O mundo ao lado III.txt,Pastor Lucas Antunes,1:05:27,2297250029,29,3927.806,1775442457,29-03-2026-ebd-evangelismo-e,,2026-03-29,9171,917,1.0361581920903955,140.09347712183342,14.007820141829816,78.1
29-06-2025 - 2 Reis 8.1-6 - Lá e de Volta Outra Vez,True,True,True,2 Reis 8.1-6 por Pastor Bruno Melo,29-06-2025 - 2 Reis 8.1-6 - Lá e de Volta Outra Vez [2126314065].m4a,29-06-2025 - 2 Reis 8.1-6 - Lá e de Volta Outra Vez.txt,Reverendo Bruno Melo,54:45,2126314065,44,3285.912,1751938814,29-06-2025-2-reis-81-6-la-e-de-volta-outra-vez,4o4nVyByWvWvmGr0Ckgevj,2025-06-29,7248,489,1.0124223602484472,132.34681878273065,8.929027922841513,85.9
30-11-2025 - EBD - CFW 28 - Do Batismo - Batismo Infantil - Aula 2,True,True,True,"CFW 28 - Do Batismo - Batismo Infantil - Aula 2 por Marco Túlio
",30-11-2025 - EBD - CFW 28 - Do Batismo - Batismo Infantil - Aula 2 [2221564421].m4a,30-11-2025 - EBD - CFW 28 - Do Batismo - Batismo Infantil - Aula 2.txt,Presbítero Marco Túlio,1:07:31,2221564421,54,4051.543,1764523204,30-11-2025-ebd-cfw-28-do-batismo-batismo-infantil-aula-2,,2025-11-30,11775,970,1.0199789695057835,174.3780085759919,14.364897521758994,74.3
3º Congresso de Mulheres - Transformadas por Cristo - Parte II,True,True,True,3º Congresso de Mulheres - Transformadas por Cristo - Paula Ximenes,3º Congresso de Mulheres - Transformadas por Cristo - Parte II [2297239124].m4a,3º Congresso de Mulheres - Transformadas por Cristo - Parte II.txt,Paula Ximenes,1:13:30,2297239124,24,4410.026,1775439971,20260228_001_3-congresso-de,,2026-04-06,10977,900,1.0101010101010102,149.34605827720745,12.24482576746713,83.0
3º Congresso de Mulheres - Transformadas por Cristo - Parte III,True,True,True,3º Congresso de Mulheres - Transformadas por Cristo - Paula Ximenes,3º Congresso de Mulheres - Transformadas por Cristo - Parte III [2297239682].m4a,3º Congresso de Mulheres - Transformadas por Cristo - Parte III.txt,Paula Ximenes,1:09:34,2297239682,28,4174.058,1775440086,3-congresso-de-mulheres-1,,2026-04-06,10021,821,1.016089108910891,144.04687237216157,11.80146514495007,83.8
Culto - Rev. Bruno Melo - 2 Reis 21_1-9 - Fizeram Pior,True,True,True,"Pastor: Rev. Bruno Melo
Data: 26-04-2026
Livro: 2 Reis
Assunto: 2 Reis 21:1-9 - Fizeram Pior",Culto - Rev. Bruno Melo - 2 Reis 21_1-9 - Fizeram Pior [2358961478].m4a,Culto - Rev. Bruno Melo - 2 Reis 21_1-9 - Fizeram Pior.txt,,55:04,2358961478,46,3304.279,1783827687,26-04-2026-culto-rev-bruno,,2026-04-26,6894,464,1.0617848970251715,125.18313374869373,8.425438650912952,84.9
Eclesiastes 5_1 - Eclesiastes 5： 1-7 - Rev. Lucas Antunes,True,True,True,"Pastor: Rev. Lucas Antunes
Data: 03-05-2026
Livro: Eclesiastes
Assunto: Eclesiastes 5: 1-7",Eclesiastes 5_1 - Eclesiastes 5： 1-7 - Rev. Lucas Antunes [2373669446].m4a,Eclesiastes 5_1 - Eclesiastes 5： 1-7 - Rev. Lucas Antunes.txt,,54:58,2373669446,24,3298.52,1785673364,eclesiastes-5-1-eclesiastes-5,,2026-05-03,7131,496,1.0486257928118394,129.71271964396155,9.02222815080703,72.4
Evangelismo e Missões - O mundo ao lado VI - Rev. Lucas Antunes,True,True,True,"Pastor: Rev. Lucas Antunes
Data: 03-05-2026
Livro: 
Assunto: Evangelismo e Missões - O mundo ao lado VI",Evangelismo e Missões - O mundo ao lado VI - Rev. Lucas Antunes [2364316868].m4a,Evangelismo e Missões - O mundo ao lado VI - Rev. Lucas Antunes.txt,,49:55,2364316868,42,2995.146,1784551937,evangelismo-e-missoes-o-mundo,,2026-05-03,7429,596,1.043782837127846,148.8207920415232,11.939317816226655,68.3
27-07-2025 - 2 Reis 10.1-17 - E Não Sobrou Nenhum,True,True,True,"2 Reis 10.1-17 por Pastor Bruno Melo
",27-07-2025 - 2 Reis 10.1-17 - E Não Sobrou Nenhum [2139294189].m4a,27-07-2025 - 2 Reis 10.1-17 - E Não Sobrou Nenhum.txt,Reverendo Bruno Melo,52:25,2139294189,71,3145.194,1753922669,27-07-2025-2-reis-101-17-e-nao-sobrou-nenhum,6e0IFaWcOlNRrCvAT40U73,2025-07-27,6971,423,1.1015625,132.98384773721432,8.069454539211254,86.5
"2 Reis 21.10-26 - ""Tinirão os ouvidos"" - Rev. Bruno Melo",True,True,True,"Pastor: Rev. Bruno Melo
Data: 26-04-2026
Livro: 2 Reis
Assunto: ""Tinirão os ouvidos""",2 Reis 21.10-26 - ＂Tinirão os ouvidos＂ - Rev. Bruno Melo [2388859515].m4a,2 Reis 21.10-26 - ＂Tinirão os ouvidos＂ - Rev. Bruno Melo.txt,Reverendo Bruno Melo,48:25,2388859515,23,2905.346,1787776724,2-reis-21-10-26-tinirao-os,,2026-04-26,6292,540,1.0093457943925233,129.93977309415126,11.151855923528558,67.2
2 Reis 22 - A lei de Deus - Rev. Bruno Melo,True,True,True,"Pastor: Rev. Bruno Melo
Data: 10-05-2026
Livro: 2 Reis
Assunto: Josias, a lei de Deus e o arrependimento",2 Reis 22 - A lei de Deus - Rev. Bruno Melo [2380504659].m4a,2 Reis 22 - A lei de Deus - Rev. Bruno Melo.txt,Reverendo Bruno Melo,42:59,2380504659,17,2579.865,1786558814,2-reis-22-josias-a-lei-de-deus,,2026-05-10,5791,443,1.0091116173120729,134.68146589065708,10.302864684780019,80.3
2 Reis 23.31-24.20 - “A ponto de os rejeitar de sua presença” - Rev. Bruno Melo,True,True,True,"Pastor: Rev. Bruno Melo
Data: 07-06-2026
Livro: 2 Reis
Assunto: “A ponto de os rejeitar de sua presença”",2 Reis 23.31-24.20 - “A ponto de os rejeitar de sua presença” - Rev. Bruno Melo [2388825687].m4a,2 Reis 23.31-24.20 - “A ponto de os rejeitar de sua presença” - Rev. Bruno Melo.txt,Reverendo Bruno Melo,49:10,2388825687,15,2950.546,1787775580,2-reis-23-31-24-20-a-ponto-de,,2026-06-07,6648,479,1.0063025210084033,135.18853798585076,9.740570050424566,82.4
Eclesiastes 6:7-12 - Satisfação da alma somente em Deus - Rev. Lucas Antunes,True,True,True,"Pastor: Rev. Lucas Antunes
Data: 21-06-2026
Livro: Eclesiastes
Assunto: Satisfação da alma somente em Deus",Eclesiastes 6_7-12 - Satisfação da alma somente em Deus - Rev. Lucas Antunes [2385197916].m4a,Eclesiastes 6_7-12 - Satisfação da alma somente em Deus - Rev. Lucas Antunes.txt,Pastor Lucas Antunes,40:52,2385197916,26,2452.24,1787243647,eclesiastes-6-7-12-satisfacao,,2026-06-21,4995,439,1.0257009345794392,122.21479137441686,10.741199882556357,81.8
Gênesis 1:26-28 - Teologia Bíblica do Discipulado - Rev. Lucas Antunes,True,True,True,"Pastor: Rev. Lucas Antunes
Data: 14-06-2026
Livro: Gênesis
Assunto: Teologia Bíblica do Discipulado",Gênesis 1_26-28 - Teologia Bíblica do Discipulado - Rev. Lucas Antunes [2381638395].m4a,Gênesis 1_26-28 - Teologia Bíblica do Discipulado - Rev. Lucas Antunes.txt,Pastor Lucas Antunes,1:00:34,2381638395,28,3634.329,1786713729,genesis-1-26-28-teologia,,2026-06-14,8522,804,1.0268199233716475,140.6917205349323,13.27342681413818,78.6
"Hebreus 4:12-13 - Apologética, cosmovisão e evangelização - Rev. Lucas Antunes",True,True,True,"Pastor: Rev. Lucas Antunes
Data: 10-05-2026
Livro: Hebreus
Assunto: Apologética, cosmovisão e evangelização","Hebreus 4_12-13 - Apologética, cosmovisão e evangelização - Rev. Lucas Antunes [2380404261].m4a","Hebreus 4_12-13 - Apologética, cosmovisão e evangelização - Rev. Lucas Antunes.txt",Pastor Lucas Antunes,1:16:31,2380404261,17,4591.346,1786547635,hebreus-4-12-13-apologetica,,2026-05-10,9240,826,1.0495552731893265,120.74890456959682,10.79422025697911,72.3
Mateus 28 - Teologia bíblica do discipulado cristão - Rev. Lucas Antunes,True,True,True,"Pastor: Rev. Lucas Antunes
Data: 07-06-2026
Livro: Mateus
Assunto: Teologia bíblica do discipulado cristão",Mateus 28 - Teologia bíblica do discipulado cristão - Rev. Lucas Antunes [2380584531].m4a,Mateus 28 - Teologia bíblica do discipulado cristão - Rev. Lucas Antunes.txt,Pastor Lucas Antunes,1:04:03,2380584531,23,3843.946,1786571405,mateus-28-teologia-biblica-do,,2026-06-07,9032,887,1.0447585394581862,140.98012823281078,13.845147668567666,78.0
Mateus 28:18-20 - O Discipulado como Missão da Igreja - Rev. Lucas Antunes,True,True,True,"Pastor: Rev. Lucas Antunes
Data: 31-05-2026
Livro: Mateus
Assunto: O Discipulado como Missão da Igreja",Mateus 28_18-20 - O Discipulado como Missão da Igreja - Rev. Lucas Antunes [2380558983].m4a,Mateus 28_18-20 - O Discipulado como Missão da Igreja - Rev. Lucas Antunes.txt,Pastor Lucas Antunes,1:01:22,2380558983,20,3682.626,1786568243,mateus-28-18-20-o-discipulado,,2026-05-31,7767,752,1.0273224043715847,126.5455682982741,12.252126607480639,79.2
Salmo 18 - A salvação do rei e dos povos - Rev. Bruno Melo,True,True,True,"Pastor: Rev. Bruno Melo
Data: 30-08-2026
Livro: Salmos
Assunto: A salvação do rei e dos povos",Salmo 18 - A salvação do rei e dos povos - Rev. Bruno Melo [2392150494].m4a,Salmo 18 - A salvação do rei e dos povos - Rev. Bruno Melo.txt,Reverendo Bruno Melo,49:18,2392150494,13,2958.046,1788208509,salmo-18-a-salvacao-do-rei-e,,2026-08-30,6395,540,1.005586592178771,129.7140071520186,10.953176522609859,83.8
14-08-2022 - EBD - 1 Samuel 17.31-47,True,True,True,1 Samuel 17.31-47 por Pastor Solanki,14-08-2022 - EBD - 1 Samuel 17.31-47 [1324616206].m4a,14-08-2022 - EBD - 1 Samuel 17.31-47.txt,Pastor Solanki,1:04:08,1324616206,71,3848.914,1660581768,14-08-2022-ebd-1-samuel-1731-47,3v4qPxmliOwRas2DGlRLCl,2022-08-14,5672,654,1.001531393568147,88.41974645315535,10.195083600205148,81.1
Lidando com o desespero. A prevenção do suicídio e a igreja - Pb. César Santos,True,True,True,,Lidando com o desespero. A prevenção do suicídio e a igreja - Pb. César Santos [2400188046].m4a,Lidando com o desespero. A prevenção do suicídio e a igreja - Pb. César Santos.txt,,51:23,2400188046,18,3083.546,1789388939,lidando-com-o-desespero-a,,2026-09-14,7206,706,1.0056980056980056,140.2151938060921,13.737430866930476,21.5
Mateus 4.18-22 - Mais do que uma conversa na praia - Sem. Fabrício Zamboni,True,True,True,,Mateus 4.18-22 - Mais do que uma conversa na praia - Sem. Fabrício Zamboni [2397234969].m4a,Mateus 4.18-22 - Mais do que uma conversa na praia - Sem. Fabrício Zamboni.txt,,50:35,2397234969,60,3035.246,1788949925,mateus-4-18-22-mais-do-que-uma,,2026-09-09,5864,503,1.0080160320641283,115.91811668642343,9.943180882208559,85.9
Salmo 32 - Do silêncio ao grito de alegria - Rev. Bruno Melo,True,True,True,,Salmo 32 - Do silêncio ao grito de alegria - Rev. Bruno Melo [2400188070].m4a,Salmo 32 - Do silêncio ao grito de alegria - Rev. Bruno Melo.txt,,39:44,2400188070,43,2384.546,1789388946,salmo-32-do-silencio-ao-grito,,2026-09-14,4782,441,1.0091533180778032,120.3247913858655,11.096451903213442,84.1
